x2_m,Q_v0_N,Q_vminus_N,Q_vplus_N
-1.3810000000000002e-5,0.002529830033865938,0.0033837070157647126,0.001675953051967164
-1.3808e-5,0.002454316198099798,0.0032827054890025658,0.0016259269071970304
-1.3806000000000001e-5,0.0023795690366661955,0.003182729407145052,0.0015764086661873393
-1.3804e-5,0.002305596495544234,0.0030837893981256206,0.001527403592962848
-1.3802000000000001e-5,0.0022324067730303443,0.002985896427358065,0.0014789171187026236
-1.3800000000000002e-5,0.002160008333381586,0.0028890618159847607,0.0014309548507784114
-1.3798e-5,0.0020884099215154233,0.0027932972605379564,0.0013835225824928906
-1.3796000000000001e-5,0.002017620578872738,0.0026986148541569273,0.0013366263035885484
-1.3794e-5,0.001947649660564637,0.002605027109522235,0.001290272211607039
-1.3792000000000001e-5,0.0018785068539414213,0.002512546983692155,0.0012444667241906877
-1.379e-5,0.0018102021987370341,0.0024211879050463512,0.0011992164924277172
-1.3788e-5,0.0017427461089672505,0.002330963802575218,0.0011545284153592831
-1.3786000000000002e-5,0.0016761493967809085,0.0022418891377814602,0.0011104096557803568
-1.3784e-5,0.001610423298495704,0.0021539789395035817,0.0010668676574878265
-1.3782000000000001e-5,0.0015455795030820119,0.002067248842013661,0.0010239101641503628
-1.378e-5,0.0014816301833983612,0.001981715126795536,0.0009815452400011868
-1.3778000000000001e-5,0.001418588030531637,0.0018973947684756257,0.0009397812925876484
-1.3776000000000002e-5,0.0013564662916485714,0.0018143054854501907,0.0008986270978469522
-1.3774e-5,0.00129527881183573,0.0017324657958472944,0.0008580918278241656
-1.3772000000000001e-5,0.0012350400804845283,0.0016518950795678512,0.0008181850814012056
-1.377e-5,0.0011757652828760501,0.0015726136472815312,0.0007789169184705692
-1.3768000000000001e-5,0.0011174703577415423,0.0014946428174152724,0.0007402978980678124
-1.3766000000000002e-5,0.0010601720617175508,0.001418005002363537,0.0007023391210715648
-1.3764e-5,0.001003888041796949,0.001342723805393261,0.000665052278200637
-1.3763966666666669e-5,0.0010029586725747574,0.0013414807522571736,0.0006644365928923413
-1.3762000000000001e-5,0.000948636917097765,0.0012688241300115803,0.00062844970418395
-1.376e-5,0.0008944383715493913,0.0011963323039358075,0.0005925444391629752
-1.3758000000000001e-5,0.000841313259446674,0.001125276220274506,0.0005573502986188421
-1.3756e-5,0.0007892837262628582,0.0010556854991176357,0.0005228819534080808
-1.3754e-5,0.0007383733476826648,0.0009875916734965557,0.000489155021868774
-1.3752000000000001e-5,0.0006886072905475041,0.0009210284046520233,0.00045618617644298487
-1.375e-5,0.0006400125003661182,0.0008560317328340767,0.0004239932678981599
-1.3748000000000001e-5,0.0005926179213100036,0.0007926403715510724,0.00039259547106893476
-1.3746e-5,0.0005464547563104319,0.0007308960554555539,0.00036201345716530985
-1.3744000000000001e-5,0.0005015567771799474,0.0006708439551390277,0.000332269599220867
-1.3742000000000002e-5,0.00045796069785634805,0.0006125331763545447,0.0003033882193581514
-1.374e-5,0.00041570662832470813,0.000556017367148053,0.00027539588950136336
-1.3738000000000001e-5,0.00037483863313775257,0.0005013554648925009,0.0002483218013830043
-1.3736e-5,0.00033540542774554996,0.00044861262764513593,0.00022219822784596402
-1.3734000000000001e-5,0.0002974612597317775,0.00039786141282168163,0.00019706110664187337
-1.3732000000000002e-5,0.0002610670433735068,0.0003491832946966656,0.000172950792050348
-1.373e-5,0.00022629184971893656,0.0003026706574173418,0.00014991304202053134
-1.3728000000000001e-5,0.000193214909848648,0.0002584294744126127,0.0001280003452846833
-1.3726e-5,0.0001619283840497805,0.00021658301222844938,0.0001072737558711116
-1.3725600000000001e-5,0.00015589516990888787,0.00020851344678616044,0.00010327689303161531
-1.37252e-5,0.00014993883033743,0.00020054670288383592,9.933095779102413e-5
-1.3724800000000001e-5,0.00014406037098128185,0.00019268412559642423,9.54366163661395e-5
-1.37244e-5,0.0001382608380345573,0.00018492711423309468,9.159456183601993e-5
-1.3724000000000001e-5,0.00013254132104155393,0.0001772771260849041,8.780551599820376e-5
-1.37236e-5,0.00012690295597720183,0.0001697356805449695,8.407023140943416e-5
-1.3723200000000001e-5,0.00012134692864356453,0.00016230436365136775,8.038949363576131e-5
-1.37228e-5,0.00011587447842448743,0.00015498483310906588,7.676412373990898e-5
-1.3722400000000001e-5,0.0001104869024493698,0.00014777882385906384,7.319498103967577e-5
-1.3722e-5,0.00010518556022439826,0.0001406881542727779,6.968296617601863e-5
-1.3721600000000001e-5,9.997187880187002e-5,0.0001337147330661318,6.622902453760824e-5
-1.3721200000000002e-5,9.484735856999447e-5,0.00012686056704355213,6.283415009643681e-5
-1.37208e-5,8.981357976310652e-5,0.0001201277698055314,5.9499389720681644e-5
-1.3720400000000002e-5,8.487220981160068e-5,0.00011351857157933733,5.622584804386404e-5
-1.372e-5,8.002501167613413e-5,0.00010703533036620493,5.301469298606335e-5
-1.3719600000000002e-5,7.527385334312839e-5,0.00010068054464179272,4.9867162044464065e-5
-1.37192e-5,7.062071869776155e-5,9.445686789906497e-5,4.678456949645815e-5
-1.3718800000000002e-5,6.606772004366628e-5,8.836712539368136e-5,4.3768314693651216e-5
-1.37184e-5,6.161711260423132e-5,8.241433353982801e-5,4.081989166863464e-5
-1.3718000000000001e-5,5.727131142938154e-5,7.660172252343235e-5,3.794090033533073e-5
-1.3717933333333335e-5,5.655738008869329e-5,7.564682260765834e-5,3.7467937569728233e-5
-1.37176e-5,5.3032911246668905e-5,7.093276285346301e-5,3.51330596398748e-5
-1.3717200000000001e-5,4.89047099527053e-5,6.541119678227223e-5,3.2398223123138384e-5
-1.37168e-5,4.488973665215777e-5,6.004107580840975e-5,2.973839749590579e-5
-1.3716400000000001e-5,4.0991285446460076e-5,5.482680586981722e-5,2.7155765023102938e-5
-1.3716e-5,3.721295658679624e-5,4.977320238690897e-5,2.465271078668352e-5
-1.3715600000000001e-5,3.355870720064257e-5,4.488555811051197e-5,2.2231856290773173e-5
-1.37152e-5,3.0032914671232116e-5,4.0169727893386334e-5,1.98961014490779e-5
-1.3714800000000001e-5,2.6640457061135327e-5,3.5632236258651e-5,1.7648677863619655e-5
-1.37144e-5,2.3386816999817692e-5,3.1280416351829145e-5,1.5493217647806244e-5
-1.3714000000000001e-5,2.0278218704970263e-5,2.7122593210091995e-5,1.3433844199848532e-5
-1.37138e-5,1.8780502309172084e-5,2.511936239685678e-5,1.2441642221487389e-5
-1.37136e-5,1.732181321400971e-5,2.316833151373542e-5,1.1475294914284003e-5
-1.3713400000000002e-5,1.5903232290691416e-5,2.127094625132436e-5,1.053551833005847e-5
-1.3713200000000001e-5,1.4525936331696551e-5,1.9428780597170274e-5,9.623092066222832e-6
-1.3713e-5,1.3191213291835494e-5,1.7643557221045235e-5,8.738869362625752e-6
-1.37128e-5,1.1900481194545044e-5,1.591717276256037e-5,7.883789626529718e-6
-1.3712600000000001e-5,1.0655311937009872e-5,1.425172967107418e-5,7.058894202945564e-6
-1.3712400000000001e-5,9.457461782802822e-6,1.2649576990314275e-5,6.26534657529137e-6
-1.37122e-5,8.30891121163281e-6,1.111336365834998e-5,5.50445876491564e-6
-1.3712e-5,7.211918243255964e-6,9.646109829574384e-6,4.777726656937544e-6
-1.3711800000000001e-5,6.169091834874221e-6,8.251305045446737e-6,4.086878624301706e-6
-1.3711600000000001e-5,5.183496412612933e-6,6.9330480477958695e-6,3.4339447774299975e-6
-1.37114e-5,4.258807056561809e-6,5.696254342452837e-6,2.8213597706707817e-6
-1.37112e-5,3.399551832624511e-6,4.5469803237844395e-6,2.2521233414645826e-6
-1.3711000000000001e-5,2.611513673273979e-6,3.4929607996309015e-6,1.7300665469170569e-6
-1.3710800000000001e-5,1.9024419927454818e-6,2.544560793319847e-6,1.2603231921711168e-6
-1.37106e-5,1.2833759780628678e-6,1.7165454764560474e-6,8.502064796696883e-7
-1.37104e-5,7.709612177902718e-7,1.0311787142209613e-6,5.107437213595824e-7
-1.3710200000000001e-5,3.8923911597498355e-7,5.206164484978998e-7,2.578617834520673e-7
-1.3710000000000001e-5,1.5811388300841899e-7,2.1148102760398323e-7,1.0474673841285477e-7
-1.37098e-5,5.5368854910520175e-8,7.405714230109176e-8,3.6680567519948594e-8
-1.3709600000000002e-5,1.9772593078988787e-8,2.644630707423272e-8,1.3098879083744857e-8
-1.3709400000000001e-5,7.983554168449598e-9,1.0678190980774821e-8,5.288917356124376e-9
-1.37092e-5,3.691293577880512e-9,4.937191751824781e-9,2.4453954039362436e-9
-1.3709e-5,1.9145984381263665e-9,2.5608203241861175e-9,1.2683765520666157e-9
-1.3708800000000002e-5,1.0878565864430102e-9,1.4550337036152568e-9,7.206794692707639e-10
-1.3708600000000001e-5,6.640484673486939e-10,8.881804025157891e-10,4.3991653218159877e-10
-1.37084e-5,4.290924718002709e-10,5.739212468055238e-10,2.8426369679501794e-10
-1.37082e-5,2.902908553628649e-10,3.8827082877288627e-10,1.9231088195284366e-10
-1.3708000000000002e-5,2.0391083005832174e-10,2.727355186009757e-10,1.3508614151566784e-10
-1.3707800000000001e-5,1.4778083525323574e-10,1.9766033383586701e-10,9.790133667060445e-11
-1.37076e-5,1.0995904272649522e-10,1.4707279909703677e-10,7.284528635595367e-11
-1.37074e-5,8.367502119894847e-11,1.1191730372592614e-10,5.543273867197081e-11
-1.3707200000000002e-5,6.491827530610758e-11,8.682971609319707e-11,4.30068345190181e-11
-1.3707000000000001e-5,5.122164737446497e-11,6.851015493525013e-11,3.393313981367981e-11
-1.37068e-5,4.101666945731581e-11,5.4860757579802566e-11,2.717258133482906e-11
-1.37066e-5,3.327704218105999e-11,4.450882453944301e-11,2.204525982267698e-11
-1.3706400000000001e-5,2.7313908395960213e-11,3.653299321699181e-11,1.8094823574928613e-11
-1.3706200000000001e-5,2.2654319317550213e-11,3.030068351865891e-11,1.5007955116441517e-11
-1.3706e-5,1.8966921612352586e-11,2.5368702587937974e-11,1.2565140636767202e-11
-1.3705600000000001e-5,1.362797431386205e-11,1.8227735333669927e-11,9.028213294054175e-12
-1.37052e-5,1.0073232481467867e-11,1.3473184744702609e-11,6.673280218233126e-12
-1.3704800000000001e-5,7.625687421550432e-12,1.0199535811858228e-11,5.051839031242635e-12
-1.37044e-5,5.891831250093352e-12,7.880462509245535e-12,3.90319999094117e-12
-1.3704000000000001e-5,4.6331656744688536e-12,6.196967775714422e-12,3.0693635732232865e-12
-1.37036e-5,3.6998648921686736e-12,4.9486560857540025e-12,2.451073698583345e-12
-1.3703200000000001e-5,2.9948385415014444e-12,4.005666803028887e-12,1.9840102799740017e-12
-1.37028e-5,2.4534373495274716e-12,3.2815300084212896e-12,1.6253446906336537e-12
-1.3702400000000001e-5,2.031569496886621e-12,2.717271859218653e-12,1.3458671345545901e-12
-1.3702e-5,1.698516450270748e-12,2.2718055965172817e-12,1.1252273040242146e-12
-1.3701600000000001e-5,1.432465198527388e-12,1.9159558062049668e-12,9.489745908498094e-13
-1.37012e-5,1.2176586999494133e-12,1.6286470753652795e-12,8.066703245335474e-13
-1.3700800000000001e-5,1.0425366965089202e-12,1.3944172877020937e-12,6.906561053157468e-13
-1.37004e-5,8.984975527055078e-13,1.201761553954023e-12,5.952335514569926e-13
-1.3700000000000001e-5,7.790581762502752e-13,1.0420085861024484e-12,5.16107766398102e-13
-1.36996e-5,6.792742676473048e-13,9.085452675868031e-13,4.500032677078066e-13
-1.3699200000000001e-5,5.953339531600969e-13,7.962731278645053e-13,3.943947784556885e-13
-1.36988e-5,5.242688452896123e-13,7.012218790223164e-13,3.4731581155690826e-13
-1.3698400000000001e-5,4.637458696879661e-13,6.202709793900216e-13,3.0722075998591076e-13
-1.3698000000000002e-5,4.119154400406254e-13,5.509465638838137e-13,2.728843161974371e-13
-1.36976e-5,3.672994672140953e-13,4.912716536142102e-13,2.4332728081398033e-13
-1.3697200000000002e-5,3.287078759331949e-13,4.3965449498353417e-13,2.177612568828557e-13
-1.36968e-5,2.9517575728868806e-13,3.948044996905756e-13,1.9554701488680053e-13
-1.3696400000000002e-5,2.659156191121941e-13,3.5566837848691137e-13,1.761628597374769e-13
-1.3696e-5,2.402807932469615e-13,3.213811975431616e-13,1.5918038895076153e-13
-1.3695600000000001e-5,2.1773716499460925e-13,2.9122856592082773e-13,1.442457640683908e-13
-1.36952e-5,1.978411651035623e-13,2.6461719934055534e-13,1.310651308665693e-13
-1.3694800000000001e-5,1.802225136036584e-13,2.410518396561199e-13,1.193931875511969e-13
-1.36944e-5,1.645705974895073e-13,2.2011703468636426e-13,1.0902416029265036e-13
-1.3694000000000001e-5,1.5062364788884073e-13,2.0146266242398123e-13,9.978463335370025e-14
-1.3692e-5,9.976067888971542e-14,1.3343224822972737e-13,6.608910954970349e-14
-1.3690000000000001e-5,6.900487354685632e-14,9.229563710526607e-14,4.5714109988446577e-14
-1.3688e-5,4.943770904112886e-14,6.612409556677211e-14,3.27513225154856e-14
-1.3686e-5,3.646184714735452e-14,4.8768575892407855e-14,2.4155118402301192e-14
-1.3684000000000001e-5,2.7555141964540458e-14,3.685564877438289e-14,1.8254635154698028e-14
-1.3682e-5,2.1260875504117964e-14,2.8436919730883664e-14,1.4084831277352265e-14
-1.3680000000000001e-5,1.6700517851887764e-14,2.2337334392865254e-14,1.1063701310910278e-14
-1.3678e-5,1.3324343990258127e-14,1.7821622653693642e-14,8.827065326822614e-15
-1.3676000000000001e-5,1.0777255240041367e-14,1.441483169994998e-14,7.139678780132757e-15
-1.3674000000000002e-5,8.823421729574895e-15,1.1801533546121664e-14,5.84530991302813e-15
-1.3672e-5,7.302353624001404e-15,9.767069273271073e-15,4.837637974731734e-15
-1.3671900000000002e-5,7.235498818783077e-15,9.677649402992623e-15,4.793348234573531e-15
-1.3670000000000001e-5,6.102442907115638e-15,8.162160541591248e-15,4.042725272640029e-15
-1.3668e-5,5.144560450881322e-15,6.880970286100182e-15,3.408150615662462e-15
-1.3666000000000001e-5,4.371621714425248e-15,5.847146594274644e-15,2.8960968345758532e-15
-1.3664000000000002e-5,3.741794201846162e-15,5.004737521528175e-15,2.4788508821641502e-15
-1.3662e-5,3.223982586810151e-15,4.3121523394462e-15,2.1358128341741022e-15
-1.3660000000000001e-5,2.7947705553104895e-15,3.738071178738202e-15,1.851469931882777e-15
-1.3658e-5,2.4363134186599743e-15,3.2586263496792883e-15,1.6140004876406603e-15
-1.3656000000000001e-5,2.134862872234625e-15,2.8554291723232637e-15,1.4142965721459862e-15
-1.3654e-5,1.879719243894617e-15,2.5141685841871757e-15,1.245269903602059e-15
-1.3652e-5,1.6624773776511144e-15,2.2236024919654265e-15,1.1013522633368028e-15
-1.3650000000000001e-5,1.4764771342010916e-15,1.9748228031047876e-15,9.781314652973961e-16
-1.3648e-5,1.3163983891308713e-15,1.7607137264009804e-15,8.720830518607623e-16
-1.3646000000000001e-5,1.1779593434166114e-15,1.5755482552159631e-15,7.803704316172596e-16
-1.3644e-5,1.0576895551319227e-15,1.4146845920625813e-15,7.00694518201264e-16
-1.3642e-5,9.527575975724874e-16,1.2743356373034004e-15,6.311795578415741e-16
-1.3640000000000002e-5,8.608390565742895e-16,1.1513924324672843e-15,5.702856806812949e-16
-1.3638e-5,7.800145986087638e-16,1.0432878239355068e-15,5.167413732820207e-16
-1.3636000000000001e-5,7.086906544189047e-16,9.478903754444251e-16,4.694909333933845e-16
-1.3634e-5,6.455372536102615e-16,8.634212203926388e-16,4.276532868278842e-16
-1.3632000000000001e-5,5.894389686215325e-16,7.883884482508918e-16,3.904894889921732e-16
-1.3630000000000002e-5,5.394559535256558e-16,7.21534993044567e-16,3.573769140067447e-16
-1.3628e-5,4.947928110927016e-16,6.617969923199797e-16,3.2778862986542363e-16
-1.3626000000000001e-5,4.547735709708175e-16,6.082703198744236e-16,3.0127682206721145e-16
-1.3625866666666668e-5,4.522561053126859e-16,6.049031505012591e-16,2.9960906012411284e-16
-1.3624e-5,4.188214687083803e-16,5.60183539723949e-16,2.774593976928117e-16
-1.3622000000000001e-5,3.864425189631371e-16,5.168759348852446e-16,2.5600910304102976e-16
-1.362e-5,3.5721210447838925e-16,4.777795698166839e-16,2.366446391400946e-16
-1.3618e-5,3.3076397517208246e-16,4.4240457644192164e-16,2.1912337390224333e-16
-1.3616000000000001e-5,3.0678118332440733e-16,4.103270297506631e-16,2.032353368981516e-16
-1.3614e-5,2.849885817930482e-16,3.8117891398558164e-16,1.8879824960051472e-16
-1.3612000000000001e-5,2.65146590053222e-16,3.546397845746322e-16,1.7565339553181182e-16
-1.361e-5,2.470459932761415e-16,3.3042981177649106e-16,1.636621747757919e-16
-1.3579833333333335e-5,9.818238461794125e-17,1.3132124311339658e-16,6.504352612248595e-17
-1.35338e-5,3.40224372988903e-17,4.550580849490461e-17,2.253906610287599e-17
-1.3487766666666668e-5,1.5099248556643137e-17,2.0195599649597462e-17,1.000289746368881e-17
-1.3441733333333336e-5,7.812765623039629e-18,1.0449757800512591e-17,5.175773445566667e-18
-1.3395700000000001e-5,4.488315602755661e-18,6.0032279155050545e-18,2.9734032900062664e-18
-1.3349666666666669e-5,2.7817841863915018e-18,3.720702116855943e-18,1.8428662559270605e-18
-1.3303633333333334e-5,1.8263156532051076e-18,2.442740543126122e-18,1.2098907632840936e-18
-1.3257600000000002e-5,1.2544694259122698e-18,1.6778828026731125e-18,8.310560491514272e-19
-1.3211566666666669e-5,8.936436805988863e-19,1.1952699070695843e-18,5.920174541281884e-19
-1.3165533333333335e-5,6.559784412139417e-19,8.773870773033413e-19,4.345698051245423e-19
-1.3119500000000002e-5,4.937639018504721e-19,6.604213287839141e-19,3.2710647491703005e-19
-1.3073466666666668e-5,3.796774470517517e-19,5.078280223965144e-19,2.51526871706989e-19
-1.3027433333333335e-5,2.9735883680934336e-19,3.977249533469485e-19,1.9699272027173826e-19
-1.29814e-5,2.3663351595063074e-19,3.165034154144812e-19,1.5676361648678025e-19
-1.2935366666666668e-5,1.9096394285842342e-19,2.55419293326856e-19,1.2650859238999088e-19
-1.2889333333333336e-5,1.5602846287943865e-19,2.0869227260694883e-19,1.0336465315192847e-19
-1.2843300000000001e-5,1.288980512030761e-19,1.7240471386093134e-19,8.539138854522088e-20
-1.2797266666666669e-5,1.0754318730229013e-19,1.4384208577505831e-19,7.124428882952198e-20
-1.2751233333333334e-5,9.052962517287744e-20,1.210860506740072e-19,5.997319967174768e-20
-1.2705200000000002e-5,7.682570511429413e-20,1.0275673950758624e-19,5.089467072100203e-20
-1.2659166666666669e-5,6.567740593801538e-20,8.784563124835478e-20,4.350918062767597e-20
-1.2613133333333335e-5,5.652558677532238e-20,7.560486186817337e-20,3.7446311682471397e-20
-1.2567100000000002e-5,4.895010975890573e-20,6.547248711406224e-20,3.242773240374921e-20
-1.2521066666666668e-5,4.2631446920340684e-20,5.70211308329384e-20,2.824176300774298e-20
-1.2475033333333335e-5,3.732387541753695e-20,4.992213295953565e-20,2.4725617875538258e-20
-1.2429e-5,3.283648681251196e-20,4.3920148979936783e-20,2.175282464508715e-20
-1.2382966666666668e-5,2.901954945457751e-20,3.88149092991706e-20,1.922418960998442e-20
-1.2336933333333336e-5,2.5754591991548794e-20,3.4447955704830274e-20,1.706122827826732e-20
-1.2290900000000001e-5,2.2947108733021208e-20,3.069288461933642e-20,1.5201332846705992e-20
-1.2244866666666669e-5,2.0521135625677335e-20,2.7448092339671986e-20,1.3594178911682688e-20
-1.2198833333333334e-5,1.8415176505504893e-20,2.463132630416059e-20,1.2199026706849197e-20
-1.2152800000000002e-5,1.6579114688643982e-20,2.2175554272776065e-20,1.0982675104511903e-20
-1.2106766666666667e-5,1.4971850944124604e-20,2.0025805060269766e-20,9.917896827979442e-21
-1.2060733333333335e-5,1.3559482076150582e-20,1.8136732347248072e-20,8.982231805053091e-21
-1.2014700000000002e-5,1.2313885472208259e-20,1.6470721480063713e-20,8.157049464352803e-21
-1.1968666666666668e-5,1.1211611085698478e-20,1.4996407471593923e-20,7.426814699803037e-21
-1.1922633333333335e-5,1.0233008091696106e-20,1.368750688283167e-20,6.77850930056054e-21
-1.18766e-5,9.361532022867224e-21,1.2521891100921592e-20,6.2011729448128565e-21
-1.1830566666666668e-5,8.583191694849145e-21,1.1480846588881575e-20,5.685536800816714e-21
-1.1784533333333336e-5,7.886105133965122e-21,1.0548480928504104e-20,5.2237293394261396e-21
-1.1738500000000001e-5,7.260141043839755e-21,9.711243273543811e-21,4.809038814135699e-21
-1.1692466666666669e-5,6.69662780553953e-21,8.957535130579156e-21,4.435720480499907e-21
-1.1646433333333334e-5,6.188116103622088e-21,8.277392865784975e-21,4.098839341459201e-21
-1.1600400000000002e-5,5.72818436859224e-21,7.662227479653487e-21,3.794141257530993e-21
-1.1554366666666667e-5,5.311278584268252e-21,7.10461034558889e-21,3.5179468229476146e-21
-1.1508333333333335e-5,4.932579814714584e-21,6.598096024072371e-21,3.267063605356796e-21
-1.1462300000000002e-5,4.58789419726446e-21,6.137075125749278e-21,3.0387132687796436e-21
-1.1416266666666668e-5,4.2735612270029725e-21,5.716651639773823e-21,2.8304708142321213e-21
-1.1370233333333335e-5,3.9863769989494785e-21,5.332540268427511e-21,2.6402137294714466e-21
-1.13242e-5,3.7235297330505986e-21,4.9809801902848364e-21,2.466079275816361e-21
-1.1278166666666668e-5,3.482545425993717e-21,4.658662368238998e-21,2.3064284837484368e-21
-1.1232133333333334e-5,3.2612418845088633e-21,4.3626680679649194e-21,2.1598157010528084e-21
-1.1186100000000001e-5,3.057689721348803e-21,4.090416689127713e-21,2.024962753569894e-21
-1.1140066666666669e-5,2.870179155929275e-21,3.8396213604602604e-21,1.9007369513982896e-21
-1.1094033333333334e-5,2.6971916708087475e-21,3.608251029640058e-21,1.7861323119774376e-21
-1.1048000000000002e-5,2.5373757436957066e-21,3.3944980042797396e-21,1.6802534831116744e-21
-1.1001966666666667e-5,2.389526010950121e-21,3.1967500826215634e-21,1.5823019392786793e-21
-1.0955933333333335e-5,2.2525653291854026e-21,3.0135665605092964e-21,1.491564097861509e-21
-1.0909900000000002e-5,2.1255292917352424e-21,2.8436575217994544e-21,1.4074010616710306e-21
-1.0863866666666668e-5,2.0075528304831933e-21,2.685865917994139e-21,1.3292397429722479e-21
-1.0817833333333335e-5,1.8978585940620944e-21,2.5391520238102078e-21,1.2565651643139812e-21
-1.07718e-5,1.79574684325443e-21,2.4025799220402877e-21,1.188913764468573e-21
-1.0725766666666668e-5,1.700586645583247e-21,2.2753057261116366e-21,1.1258675650548582e-21
-1.0679733333333334e-5,1.6118081851895246e-21,2.1565672943668013e-21,1.067049076012248e-21
-1.0633700000000001e-5,1.5288960324408071e-21,2.0456752280073533e-21,1.0121168368742613e-21
-1.0587666666666669e-5,1.4513832413476655e-21,1.942004976250013e-21,9.607615064453181e-22
-1.0541633333333334e-5,1.3788461626208552e-21,1.844989898668999e-21,9.127024265727112e-22
-1.0495600000000002e-5,1.3108998767634479e-21,1.754115156849699e-21,8.676845966771973e-22
-1.0449566666666667e-5,1.2471941655127377e-21,1.6689123260977897e-21,8.254760049276858e-22
-1.0403533333333335e-5,1.1874099516779031e-21,1.5889546336386799e-21,7.858652697171266e-22
-1.03575e-5,1.1312561473301048e-21,1.5138527429979044e-21,7.486595516623055e-22
-1.0311466666666668e-5,1.078466858695363e-21,1.443251015479863e-21,7.136827019108633e-22
-1.0265433333333335e-5,1.0287989032257964e-21,1.3768241891924397e-21,6.807736172591532e-22
-1.02194e-5,9.820296003876608e-22,1.3142744241742647e-21,6.497847766010572e-22
-1.0173366666666668e-5,9.379548028747643e-22,1.2553286690965562e-21,6.205809366529724e-22
-1.0127333333333334e-5,8.963871393744666e-22,1.1997363109215127e-21,5.930379678274207e-22
-1.0081300000000001e-5,8.571544437979245e-22,1.1472670739610039e-21,5.670418136348453e-22
-1.0035266666666669e-5,8.200983491339211e-22,1.0977091391231733e-21,5.424875591446691e-22
-9.989233333333334e-6,7.850730268787107e-22,1.0508674578703755e-21,5.192785958870458e-22
-9.943200000000002e-6,7.519440554007064e-22,1.006562238630493e-21,4.973258721709201e-22
-9.897166666666667e-6,7.205874026763426e-22,9.646275861823812e-22,4.765472191703041e-22
-9.851133333333335e-6,6.908885106302321e-22,9.24910276939447e-22,4.568667443210172e-22
-9.8051e-6,6.627414698694853e-22,8.87268655137538e-22,4.382142846014326e-22
-9.759066666666668e-6,6.360482749534178e-22,8.515716367408045e-22,4.205249131660311e-22
-9.713033333333335e-6,6.107181515146975e-22,8.17697809450551e-22,4.037384935788441e-22
-9.667e-6,5.866669475713539e-22,7.855346185708718e-22,3.8779927657183626e-22
-9.620966666666668e-6,5.638165822616896e-22,7.549776296787673e-22,3.726555348446121e-22
-9.574933333333334e-6,5.42094546014184e-22,7.259298600897713e-22,3.582592319385967e-22
-9.528900000000001e-6,5.214334468470929e-22,6.983011720231305e-22,3.4456572167105535e-22
-9.482866666666669e-6,5.017705980907476e-22,6.720077211708164e-22,3.3153347501067893e-22
-9.436833333333334e-6,4.830476433507689e-22,6.4697145507713875e-22,3.1912383162439917e-22
-9.390800000000002e-6,4.65210214992093e-22,6.2311965635323165e-22,3.073007736309545e-22
-9.344766666666667e-6,4.482076228301451e-22,6.003845262943108e-22,2.960307193659795e-22
-9.298733333333335e-6,4.319925700738314e-22,5.787028049468786e-22,2.852823352007842e-22
-9.2527e-6,4.1652089388129833e-22,5.580154240960857e-22,2.7502636366651104e-22
-9.206666666666668e-6,4.01751328169046e-22,5.382671900174765e-22,2.6523546632061556e-22
-9.160633333333335e-6,3.876452865624385e-22,5.1940649316832905e-22,2.55884079956548e-22
-9.1146e-6,3.741666635950148e-22,5.013850422871948e-22,2.4694828490283485e-22
-9.068566666666668e-6,3.6128165245861907e-22,4.841576206305503e-22,2.3840568428668794e-22
-9.022533333333334e-6,3.489585777792926e-22,4.676818623067594e-22,2.3023529325182588e-22
-8.976500000000001e-6,3.371677420477118e-22,4.5191804687331375e-22,2.2241743722210977e-22
-8.930466666666667e-6,3.2588128446990596e-22,4.368289105464912e-22,2.149336583933208e-22
-8.884433333333334e-6,3.1507305112618366e-22,4.2237947253600944e-22,2.0776662971635788e-22
-8.838400000000002e-6,3.047184754351742e-22,4.085368751630179e-22,2.0090007570733052e-22
-8.792366666666667e-6,2.947944680173576e-22,3.9527023655012556e-22,1.9431869948458972e-22
-8.746333333333335e-6,2.852793151395979e-22,3.825505147887263e-22,1.8800811549046949e-22
-8.7003e-6,2.7615258500025217e-22,3.7035038259328043e-22,1.8195478740722396e-22
-8.654266666666668e-6,2.6739504118441435e-22,3.586441115458213e-22,1.7614597082300739e-22
-8.608233333333335e-6,2.5898856268163787e-22,3.4740746511793547e-22,1.705696602453403e-22
-8.5622e-6,2.509160699149057e-22,3.3661759973292844e-22,1.65214540096883e-22
-8.516166666666668e-6,2.4316145628034026e-22,3.2625297319873804e-22,1.6006993936194252e-22
-8.470133333333334e-6,2.3570952474279354e-22,3.162932599032084e-22,1.5512578958237876e-22
-8.424100000000001e-6,2.285459290736214e-22,3.067192722183971e-22,1.5037258592884576e-22
-8.378066666666667e-6,2.2165711935400696e-22,2.9751288761015753e-22,1.4580135109785647e-22
-8.332033333333334e-6,2.150302914007166e-22,2.886569809940692e-22,1.414036018073641e-22
-8.286000000000002e-6,2.0865333980139781e-22,2.801353619192183e-22,1.3717131768357734e-22
-8.239966666666667e-6,2.0251481427389675e-22,2.7193271619793606e-22,1.3309691234985751e-22
-8.193933333333335e-6,1.96603879088827e-22,2.6403455163270944e-22,1.2917320654494455e-22
-8.1479e-6,1.909102753170419e-22,2.564271475214712e-22,1.2539340311261261e-22
-8.101866666666668e-6,1.854242856840017e-22,2.490975076496752e-22,1.2175106371832826e-22
-8.055833333333335e-6,1.801367018314619e-22,2.4203331650222364e-22,1.1824008716070024e-22
-8.0098e-6,1.7503879380367224e-22,2.352228984507336e-22,1.1485468915661087e-22
-7.963766666666668e-6,1.701222815904877e-22,2.286551796919745e-22,1.1158938348900096e-22
-7.917733333333334e-6,1.6537930857364395e-22,2.223196527318358e-22,1.0843896441545213e-22
-7.871700000000001e-6,1.6080241673505406e-22,2.162063432260442e-22,1.0539849024406389e-22
-7.825666666666667e-6,1.5638452349745624e-22,2.1030577900419143e-22,1.0246326799072109e-22
-7.779633333333334e-6,1.5211890007821734e-22,2.0460896111764692e-22,9.96288390387878e-23
-7.733600000000002e-6,1.4799915124663216e-22,1.9910733676468384e-22,9.689096572858049e-23
-7.687566666666667e-6,1.440191963837876e-22,1.937927739578193e-22,9.424561880975593e-23
-7.641533333333335e-6,1.40173251752013e-22,1.886575378090084e-22,9.168896569501764e-23
-7.595500000000001e-6,1.3645581388822305e-22,1.8369426831807547e-22,8.921735945837063e-23
-7.549466666666668e-6,1.3286164404212114e-22,1.7889595955867456e-22,8.682732852556771e-23
-7.503433333333334e-6,1.2938575358632383e-22,1.7425594016422134e-22,8.451556700842632e-23
-7.457400000000001e-6,1.2602339033105852e-22,1.6976785502371737e-22,8.227892563839971e-23
-7.411366666666667e-6,1.2277002568120385e-22,1.6542564810423183e-22,8.011440325817588e-23
-7.365333333333334e-6,1.196213425781401e-22,1.6122354632308972e-22,7.801913883319051e-23
-7.319300000000001e-6,1.1657322417319227e-22,1.5715604439858668e-22,7.599040394779787e-23
-7.273266666666668e-6,1.136217431834026e-22,1.532178906133405e-22,7.402559575346473e-23
-7.227233333333334e-6,1.10763151884017e-22,1.4940407342926688e-22,7.212223033876715e-23
-7.181200000000001e-6,1.0799387269541052e-22,1.4570980889763645e-22,7.027793649318458e-23
-7.135166666666667e-6,1.05310489325261e-22,1.4213052881179431e-22,6.849044983872768e-23
-7.089133333333334e-6,1.0270973842961576e-22,1.386618695539159e-22,6.675760730531562e-23
-7.043100000000001e-6,1.0018850175910855e-22,1.3529966159066836e-22,6.507734192754876e-23
-6.997066666666668e-6,9.774379875899107e-23,1.3203991957586445e-22,6.344767794211767e-23
-6.951033333333334e-6,9.537277959386995e-23,1.2887883302117592e-22,6.186672616656399e-23
-6.905000000000001e-6,9.307271857008313e-23,1.2581275749870375e-22,6.033267964146253e-23
-6.858966666666667e-6,9.084100793054944e-23,1.2283820634174625e-22,5.884380951935262e-23
-6.812933333333334e-6,8.867515199866998e-23,1.1995184281243785e-22,5.739846118490212e-23
-6.7669e-6,8.657276164947806e-23,1.1715047270709599e-22,5.599505059186015e-23
-6.720866666666668e-6,8.453154908773127e-23,1.144310373721168e-22,5.463206080334577e-23
-6.674833333333334e-6,8.25493229140189e-23,1.117906071051041e-22,5.330803872293372e-23
-6.628800000000001e-6,8.062398346124534e-23,1.0922637491763872e-22,5.2021592004851956e-23
-6.582766666666667e-6,7.875351838502968e-23,1.0673565063767345e-22,5.077138613238591e-23
-6.536733333333334e-6,7.693599849266822e-23,1.0431585533101767e-22,4.955614165431879e-23
-6.4907e-6,7.516957379632174e-23,1.019645160227348e-22,4.837463156990869e-23
-6.444666666666668e-6,7.345246977703812e-23,9.967926070054387e-23,4.7225678853532375e-23
-6.398633333333334e-6,7.178298384709795e-23,9.745781358348956e-23,4.610815411070632e-23
-6.352600000000001e-6,7.015948199898721e-23,9.529799064023765e-23,4.502097335773679e-23
-6.306566666666667e-6,6.858039563005741e-23,9.319769534236362e-23,4.3963095917751195e-23
-6.260533333333334e-6,6.704421853263918e-23,9.11549146389471e-23,4.293352242633128e-23
-6.2145e-6,6.554950404002925e-23,8.916771513965761e-23,4.19312929404009e-23
-6.168466666666668e-6,6.409486231938088e-23,8.723423949433553e-23,4.095548514442625e-23
-6.122433333333334e-6,6.267895780309332e-23,8.535270295782629e-23,4.0005212648360353e-23
-6.076400000000001e-6,6.130050675082617e-23,8.352139012953691e-23,3.9079623372115426e-23
-6.030366666666667e-6,5.995827493475412e-23,8.173865185783758e-23,3.8177898011670664e-23
-5.984333333333334e-6,5.865107544113808e-23,8.00029023000477e-23,3.729924858222849e-23
-5.9383e-6,5.737776658171387e-23,7.831261612931422e-23,3.6442917034113516e-23
-5.892266666666668e-6,5.613724990880149e-23,7.666632588022772e-23,3.560817393737526e-23
-5.846233333333334e-6,5.492846832840621e-23,7.506261942551364e-23,3.479431723129877e-23
-5.800200000000001e-6,5.375040430593427e-23,7.350013757660739e-23,3.400067103526116e-23
-5.754166666666667e-6,5.2602078159466045e-23,7.197757180134886e-23,3.322658451758323e-23
-5.708133333333334e-6,5.1482546435836957e-23,7.049366205244421e-23,3.247143081922972e-23
-5.6621e-6,5.0390900365056195e-23,6.904719470071602e-23,3.1734606029396365e-23
-5.616066666666667e-6,4.932626438886043e-23,6.763700056752126e-23,3.101552821019961e-23
-5.570033333333334e-6,4.828779475944614e-23,6.626195305104476e-23,3.031363646784753e-23
-5.524000000000001e-6,4.727467820465729e-23,6.49209663414894e-23,2.962839006782519e-23
-5.477966666666667e-6,4.628613065612127e-23,6.361299372047161e-23,2.895926759177093e-23
-5.431933333333334e-6,4.5321396037029745e-23,6.233702594020472e-23,2.830576613385478e-23
-5.3859e-6,4.437974510645097e-23,6.109208967830566e-23,2.7667400534596285e-23
-5.339866666666667e-6,4.346047435723948e-23,5.987724606430132e-23,2.704370265017764e-23
-5.293833333333334e-6,4.256290496477595e-23,5.869158927413317e-23,2.643422065541874e-23
-5.247800000000001e-6,4.1686381783926733e-23,5.753424518916914e-23,2.5838518378684338e-23
-5.201766666666667e-6,4.0830272391760405e-23,5.640437011642907e-23,2.525617466709175e-23
-5.155733333333334e-6,3.9993966173695966e-23,5.530114956691378e-23,2.4686782780478155e-23
-5.1097e-6,3.9176873450888344e-23,5.42237970891031e-23,2.412994981267359e-23
-5.063666666666667e-6,3.8378424646777396e-23,5.317155315484933e-23,2.3585296138705461e-23
-5.017633333333334e-6,3.759806949084231e-23,5.2143684095047575e-23,2.3052454886637054e-23
-4.971600000000001e-6,3.683527625770934e-23,5.1139481082605935e-23,2.2531071432812739e-23
-4.925566666666667e-6,3.6089531039864113e-23,5.0158259160377085e-23,2.2020802919351139e-23
-4.879533333333334e-6,3.536033705231242e-23,4.9199356311836184e-23,2.1521317792788656e-23
-4.8335e-6,3.464721396762498e-23,4.8262132572413305e-23,2.103229536283666e-23
-4.787466666666667e-6,3.394969727988488e-23,4.7345969179499145e-23,2.0553425380270622e-23
-4.741433333333334e-6,3.3267337696135136e-23,4.64502677592486e-23,2.0084407633021676e-23
-4.695400000000001e-6,3.2599700554000027e-23,4.557444954840851e-23,1.962495155959155e-23
-4.649366666666667e-6,3.1946365264222747e-23,4.471795464948808e-23,1.9174775878957428e-23
-4.603333333333334e-6,3.130692477692862e-23,4.388024131767968e-23,1.8733608236177562e-23
-4.5573e-6,3.068098507048598e-23,4.3060785278022e-23,1.8301184862949965e-23
-4.511266666666667e-6,3.0068164661895065e-23,4.2259079071375e-23,1.7877250252415133e-23
-4.4652333333333334e-6,2.9468094137690834e-23,4.147463142785101e-23,1.7461556847530655e-23
-4.419200000000001e-6,2.8880415704398736e-23,4.070696666641696e-23,1.7053864742380518e-23
-4.373166666666667e-6,2.8304782757630934e-23,3.995562411944762e-23,1.6653941395814257e-23
-4.327133333333334e-6,2.7740859468957676e-23,3.922015758107317e-23,1.6261561356842187e-23
-4.2811e-6,2.718832038973223e-23,3.85001347782225e-23,1.5876506001241963e-23
-4.235066666666667e-6,2.664685007108982e-23,3.7795136863320096e-23,1.5498563278859554e-23
-4.1890333333333334e-6,2.611614269937979e-23,3.710475792764623e-23,1.5127527471113358e-23
-4.143000000000001e-6,2.559590174632797e-23,3.642860453442067e-23,1.4763198958235268e-23
-4.096966666666667e-6,2.50858396332604e-23,3.576629527071584e-23,1.440538399580496e-23
-4.050933333333334e-6,2.458567740875373e-23,3.511746031735097e-23,1.4053894500156496e-23
-4.0049e-6,2.4095144439108348e-23,3.4481741035960184e-23,1.3708547842256513e-23
-3.958866666666667e-6,2.3613978111070423e-23,3.3858789572467497e-23,1.3369166649673352e-23
-3.9128333333333335e-6,2.3141923546256486e-23,3.324826847623849e-23,1.3035578616274482e-23
-3.866800000000001e-6,2.2678733326761605e-23,3.2649850334215265e-23,1.2707616319307946e-23
-3.820766666666667e-6,2.2224167231456644e-23,3.2063217419373826e-23,1.2385117043539463e-23
-3.774733333333334e-6,2.177799198250435e-23,3.148806135287555e-23,1.2067922612133154e-23
-3.7287000000000004e-6,2.1339981001646552e-23,3.092408277931461e-23,1.1755879223978496e-23
-3.682666666666667e-6,2.0909914175835887e-23,3.0370991054491417e-23,1.1448837297180365e-23
-3.636633333333334e-6,2.0487577631805974e-23,2.9828503945169646e-23,1.1146651318442308e-23
-3.5906000000000004e-6,2.007276351919313e-23,2.9296347340300134e-23,1.0849179698086125e-23
-3.544566666666667e-6,1.96652698018409e-23,2.8774254973219076e-23,1.0556284630462733e-23
-3.498533333333334e-6,1.9264900056935982e-23,2.82619681543513e-23,1.0267831959520659e-23
-3.4525000000000004e-6,1.8871463281640282e-23,2.775923551397114e-23,9.983691049309422e-24
-3.406466666666667e-6,1.8484773706899945e-23,2.726581275459444e-23,9.703734659205448e-24
-3.360433333333334e-6,1.8104650618126218e-23,2.678146241259482e-23,9.42783882365762e-24
-3.3144000000000004e-6,1.773091818245757e-23,2.630595362865606e-23,9.155882736259085e-24
-3.268366666666667e-6,1.7363405282325688e-23,2.5839061926690703e-23,8.887748637960674e-24
-3.222333333333334e-6,1.7001945355060067e-23,2.538056900087074e-23,8.623321709249395e-24
-3.1763000000000004e-6,1.6646376238279018e-23,2.4930262510434197e-23,8.36248996612384e-24
-3.130266666666667e-6,1.629654002082482e-23,2.4487935881944394e-23,8.105144159705249e-24
-3.084233333333334e-6,1.5952282899013013e-23,2.405338811869529e-23,7.851177679330736e-24
-3.0382000000000004e-6,1.5613455037975208e-23,2.362642361696879e-23,7.600486458981628e-24
-2.992166666666667e-6,1.527991043788452e-23,2.3206851988862965e-23,7.352968886906077e-24
-2.946133333333334e-6,1.4951506804862933e-23,2.2794487891423863e-23,7.108525718302006e-24
-2.9001000000000004e-6,1.4628105426377634e-23,2.2389150861823856e-23,6.867059990931412e-24
-2.854066666666667e-6,1.430957105094236e-23,2.199066515834165e-23,6.628476943543071e-24
-2.8080333333333335e-6,1.3995771771947916e-23,2.159885960690986e-23,6.392683936985976e-24
-2.7620000000000004e-6,1.3686578915453068e-23,2.1213567453005678e-23,6.1595903779004634e-24
-2.715966666666667e-6,1.338186693177475e-23,2.0834626218670307e-23,5.9291076448791934e-24
-2.6699333333333335e-6,1.3081513290723353e-23,2.0461877564452264e-23,5.701149016994444e-24
-2.6239000000000004e-6,1.2785398380335106e-23,2.0095167156077802e-23,5.475629604592413e-24
-2.577866666666667e-6,1.2493405408960165e-23,1.973434453566077e-23,5.252466282259559e-24
-2.5318333333333335e-6,1.2205420310570755e-23,1.9379262997271793e-23,5.031577623869721e-24
-2.4858000000000004e-6,1.1921331653159374e-23,1.902977946669437e-23,4.8128838396243795e-24
-2.439766666666667e-6,1.1641030550102732e-23,1.8685754385203035e-23,4.59630671500243e-24
-2.3937333333333335e-6,1.1364410574371697e-23,1.8347051597204962e-23,4.3817695515384314e-24
-2.3477000000000004e-6,1.1091367675473088e-23,1.8013538241593856e-23,4.16919710935232e-24
-2.301666666666667e-6,1.0821800099013178e-23,1.7685084646670446e-23,3.95851555135591e-24
-2.2556333333333335e-6,1.055560830877755e-23,1.7361564228490335e-23,3.7496523890647654e-24
-2.2096000000000004e-6,1.0292694911226294e-23,1.70428533925057e-23,3.542536429946891e-24
-2.163566666666667e-6,1.0032964582307237e-23,1.672883143837256e-23,3.337097726241917e-24
-2.1175333333333335e-6,9.776323996493845e-24,1.6419380467800485e-23,3.133267525187204e-24
-2.0715000000000004e-6,9.522681757958398e-24,1.6114385295327043e-23,2.930978220589754e-24
-2.025466666666667e-6,9.271948333793968e-24,1.5813733361903207e-23,2.7301633056847283e-24
-1.9794333333333335e-6,9.024035989202706e-24,1.5517314651181475e-23,2.5307573272239362e-24
-1.9334000000000004e-6,8.778858724570513e-24,1.5225021608401682e-23,2.3326958407393426e-24
-1.887366666666667e-6,8.536332214351582e-24,1.4936749061774436e-23,2.1359153669287285e-24
-1.8413333333333335e-6,8.296373747689182e-24,1.46523941462657e-23,1.940353349112663e-24
-1.7953000000000002e-6,8.058902170701338e-24,1.4371856229689477e-23,1.7459481117132006e-24
-1.749266666666667e-6,7.823837830363547e-24,1.4095036841020015e-23,1.5526388197070773e-24
-1.7032333333333335e-6,7.591102519922057e-24,1.3821839600837116e-23,1.3603654390069985e-24
-1.6572000000000002e-6,7.360619425774753e-24,1.3552170153822665e-23,1.1690686977268451e-24
-1.611166666666667e-6,7.132313075757986e-24,1.328593610322857e-23,9.786900482874029e-25
-1.5651333333333335e-6,6.906109288780457e-24,1.3023046947239888e-23,7.891716303210302e-25
-1.5191000000000002e-6,6.681935125747217e-24,1.2763414017159635e-23,6.004562343348017e-25
-1.473066666666667e-6,6.459718841718403e-24,1.2506950417344075e-23,4.1248726609273403e-25
-1.4270333333333335e-6,6.239389839249887e-24,1.2253570966820663e-23,2.2520871167910927e-25
-1.3810000000000002e-6,6.020878622864055e-24,1.2003192142522358e-23,3.8565103205753286e-26
-1.3349666666666667e-6,5.8041167546012534e-24,1.1755732024075134e-23,-1.4749851487262477e-25
-1.2889333333333335e-6,5.589036810603563e-24,1.1511110240077327e-23,-3.3303661887020107e-25
-1.2429000000000002e-6,5.375572338684356e-24,1.1269247915811709e-23,-5.181032384429959e-25
-1.1968666666666667e-6,5.163657816838569e-24,1.1030067622333384e-23,-7.027519886562449e-25
-1.1508333333333335e-6,4.95322861264968e-24,1.0793493326878202e-23,-8.87036101578841e-25
-1.1048000000000002e-6,4.744220943551088e-24,1.0559450344538591e-23,-1.0710084574364165e-24
-1.0587666666666667e-6,4.53657183790067e-24,1.0327865291155439e-23,-1.2547216153540971e-24
-1.0127333333333335e-6,4.330219096828251e-24,1.0098666037375976e-23,-1.4382278437194749e-24
-9.667000000000002e-7,4.125101256817226e-24,9.871781663829802e-24,-1.6215791501953466e-24
-9.206666666666667e-7,3.921157552982351e-24,9.647142417376258e-24,-1.8048273114115546e-24
-8.746333333333335e-7,3.718327883006743e-24,9.424679668378055e-24,-1.9880239023645684e-24
-8.286000000000001e-7,3.5165527717022274e-24,9.204325868957435e-24,-2.171220325552981e-24
-7.825666666666667e-7,3.315773336157777e-24,8.986014512192306e-24,-2.3544678398767496e-24
-7.365333333333335e-7,3.115931251441941e-24,8.769680092211332e-24,-2.5378175893274504e-24
-6.905000000000001e-7,2.9169687168256812e-24,8.555258065147955e-24,-2.721320631496592e-24
-6.444666666666667e-7,2.7188284224928374e-24,8.342684810914409e-24,-2.9050279659287333e-24
-5.984333333333334e-7,2.521453516706214e-24,8.131897595758111e-24,-3.0889905623456845e-24
-5.524000000000001e-7,2.324787573397849e-24,7.922834535563697e-24,-3.273259388767999e-24
-5.063666666666667e-7,2.1287745601524886e-24,7.715434559864776e-24,-3.457885439559797e-24
-4.6033333333333337e-7,1.933358806554109e-24,7.509637376530734e-24,-3.6429197634225155e-24
-4.1430000000000005e-7,1.738484972865646e-24,7.305383437094629e-24,-3.8284134913633374e-24
-3.6826666666666673e-7,1.5440980190124288e-24,7.102613902688735e-24,-4.0144178646638794e-24
-3.2223333333333337e-7,1.3501431738407192e-24,6.901270610555839e-24,-4.2009842628744006e-24
-2.7620000000000005e-7,1.1565659046223673e-24,6.70129604110402e-24,-4.3881642318592856e-24
-2.3016666666666668e-7,9.63311886777793e-25,6.5026332854745194e-24,-4.576009511918933e-24
-1.8413333333333337e-7,7.703269737891127e-25,6.305226013591921e-24,-4.764572066013695e-24
-1.3810000000000003e-7,5.775571672758158e-25,6.109018442667084e-24,-4.9539041081154516e-24
-9.206666666666668e-8,3.8494858720565773e-25,5.913955306123608e-24,-5.1440581317122925e-24
-4.603333333333334e-8,1.924474422133213e-25,5.7199818229190276e-24,-5.335086938492385e-24
0.0,0.0,5.5270436672326995e-24,-5.5270436672326995e-24
4.603333333333334e-8,-1.924474422133213e-25,5.335086938492385e-24,-5.7199818229190276e-24
9.206666666666668e-8,-3.8494858720565773e-25,5.1440581317122925e-24,-5.913955306123608e-24
1.3810000000000003e-7,-5.775571672758158e-25,4.9539041081154516e-24,-6.109018442667084e-24
1.8413333333333337e-7,-7.703269737891127e-25,4.764572066013695e-24,-6.305226013591921e-24
2.3016666666666668e-7,-9.63311886777793e-25,4.576009511918933e-24,-6.5026332854745194e-24
2.7620000000000005e-7,-1.1565659046223673e-24,4.3881642318592856e-24,-6.70129604110402e-24
3.2223333333333337e-7,-1.3501431738407192e-24,4.2009842628744006e-24,-6.901270610555839e-24
3.6826666666666673e-7,-1.5440980190124288e-24,4.0144178646638794e-24,-7.102613902688735e-24
4.1430000000000005e-7,-1.738484972865646e-24,3.8284134913633374e-24,-7.305383437094629e-24
4.6033333333333337e-7,-1.933358806554109e-24,3.6429197634225155e-24,-7.509637376530734e-24
5.063666666666667e-7,-2.1287745601524886e-24,3.457885439559797e-24,-7.715434559864776e-24
5.524000000000001e-7,-2.324787573397849e-24,3.273259388767999e-24,-7.922834535563697e-24
5.984333333333334e-7,-2.521453516706214e-24,3.0889905623456845e-24,-8.131897595758111e-24
6.444666666666667e-7,-2.7188284224928374e-24,2.9050279659287333e-24,-8.342684810914409e-24
6.905000000000001e-7,-2.9169687168256812e-24,2.721320631496592e-24,-8.555258065147955e-24
7.365333333333335e-7,-3.115931251441941e-24,2.5378175893274504e-24,-8.769680092211332e-24
7.825666666666667e-7,-3.315773336157777e-24,2.3544678398767496e-24,-8.986014512192306e-24
8.286000000000001e-7,-3.5165527717022274e-24,2.171220325552981e-24,-9.204325868957435e-24
8.746333333333335e-7,-3.718327883006743e-24,1.9880239023645684e-24,-9.424679668378055e-24
9.206666666666667e-7,-3.921157552982351e-24,1.8048273114115546e-24,-9.647142417376258e-24
9.667000000000002e-7,-4.125101256817226e-24,1.6215791501953466e-24,-9.871781663829802e-24
1.0127333333333335e-6,-4.330219096828251e-24,1.4382278437194749e-24,-1.0098666037375976e-23
1.0587666666666667e-6,-4.53657183790067e-24,1.2547216153540971e-24,-1.0327865291155439e-23
1.1048000000000002e-6,-4.744220943551088e-24,1.0710084574364165e-24,-1.0559450344538591e-23
1.1508333333333335e-6,-4.95322861264968e-24,8.87036101578841e-25,-1.0793493326878202e-23
1.1968666666666667e-6,-5.163657816838569e-24,7.027519886562449e-25,-1.1030067622333384e-23
1.2429000000000002e-6,-5.375572338684356e-24,5.181032384429959e-25,-1.1269247915811709e-23
1.2889333333333335e-6,-5.589036810603563e-24,3.3303661887020107e-25,-1.1511110240077327e-23
1.3349666666666667e-6,-5.8041167546012534e-24,1.4749851487262477e-25,-1.1755732024075134e-23
1.3810000000000002e-6,-6.020878622864055e-24,-3.8565103205753286e-26,-1.2003192142522358e-23
1.4270333333333335e-6,-6.239389839249887e-24,-2.2520871167910927e-25,-1.2253570966820663e-23
1.473066666666667e-6,-6.459718841718403e-24,-4.1248726609273403e-25,-1.2506950417344075e-23
1.5191000000000002e-6,-6.681935125747217e-24,-6.004562343348017e-25,-1.2763414017159635e-23
1.5651333333333335e-6,-6.906109288780457e-24,-7.891716303210302e-25,-1.3023046947239888e-23
1.611166666666667e-6,-7.132313075757986e-24,-9.786900482874029e-25,-1.328593610322857e-23
1.6572000000000002e-6,-7.360619425774753e-24,-1.1690686977268451e-24,-1.3552170153822665e-23
1.7032333333333335e-6,-7.591102519922057e-24,-1.3603654390069985e-24,-1.3821839600837116e-23
1.749266666666667e-6,-7.823837830363547e-24,-1.5526388197070773e-24,-1.4095036841020015e-23
1.7953000000000002e-6,-8.058902170701338e-24,-1.7459481117132006e-24,-1.4371856229689477e-23
1.8413333333333335e-6,-8.296373747689182e-24,-1.940353349112663e-24,-1.46523941462657e-23
1.887366666666667e-6,-8.536332214351582e-24,-2.1359153669287285e-24,-1.4936749061774436e-23
1.9334000000000004e-6,-8.778858724570513e-24,-2.3326958407393426e-24,-1.5225021608401682e-23
1.9794333333333335e-6,-9.024035989202706e-24,-2.5307573272239362e-24,-1.5517314651181475e-23
2.025466666666667e-6,-9.271948333793968e-24,-2.7301633056847283e-24,-1.5813733361903207e-23
2.0715000000000004e-6,-9.522681757958398e-24,-2.930978220589754e-24,-1.6114385295327043e-23
2.1175333333333335e-6,-9.776323996493845e-24,-3.133267525187204e-24,-1.6419380467800485e-23
2.163566666666667e-6,-1.0032964582307237e-23,-3.337097726241917e-24,-1.672883143837256e-23
2.2096000000000004e-6,-1.0292694911226294e-23,-3.542536429946891e-24,-1.70428533925057e-23
2.2556333333333335e-6,-1.055560830877755e-23,-3.7496523890647654e-24,-1.7361564228490335e-23
2.301666666666667e-6,-1.0821800099013178e-23,-3.95851555135591e-24,-1.7685084646670446e-23
2.3477000000000004e-6,-1.1091367675473088e-23,-4.16919710935232e-24,-1.8013538241593856e-23
2.3937333333333335e-6,-1.1364410574371697e-23,-4.3817695515384314e-24,-1.8347051597204962e-23
2.439766666666667e-6,-1.1641030550102732e-23,-4.59630671500243e-24,-1.8685754385203035e-23
2.4858000000000004e-6,-1.1921331653159374e-23,-4.8128838396243795e-24,-1.902977946669437e-23
2.5318333333333335e-6,-1.2205420310570755e-23,-5.031577623869721e-24,-1.9379262997271793e-23
2.577866666666667e-6,-1.2493405408960165e-23,-5.252466282259559e-24,-1.973434453566077e-23
2.6239000000000004e-6,-1.2785398380335106e-23,-5.475629604592413e-24,-2.0095167156077802e-23
2.6699333333333335e-6,-1.3081513290723353e-23,-5.701149016994444e-24,-2.0461877564452264e-23
2.715966666666667e-6,-1.338186693177475e-23,-5.9291076448791934e-24,-2.0834626218670307e-23
2.7620000000000004e-6,-1.3686578915453068e-23,-6.1595903779004634e-24,-2.1213567453005678e-23
2.8080333333333335e-6,-1.3995771771947916e-23,-6.392683936985976e-24,-2.159885960690986e-23
2.854066666666667e-6,-1.430957105094236e-23,-6.628476943543071e-24,-2.199066515834165e-23
2.9001000000000004e-6,-1.4628105426377634e-23,-6.867059990931412e-24,-2.2389150861823856e-23
2.946133333333334e-6,-1.4951506804862933e-23,-7.108525718302006e-24,-2.2794487891423863e-23
2.992166666666667e-6,-1.527991043788452e-23,-7.352968886906077e-24,-2.3206851988862965e-23
3.0382000000000004e-6,-1.5613455037975208e-23,-7.600486458981628e-24,-2.362642361696879e-23
3.084233333333334e-6,-1.5952282899013013e-23,-7.851177679330736e-24,-2.405338811869529e-23
3.130266666666667e-6,-1.629654002082482e-23,-8.105144159705249e-24,-2.4487935881944394e-23
3.1763000000000004e-6,-1.6646376238279018e-23,-8.36248996612384e-24,-2.4930262510434197e-23
3.222333333333334e-6,-1.7001945355060067e-23,-8.623321709249395e-24,-2.538056900087074e-23
3.268366666666667e-6,-1.7363405282325688e-23,-8.887748637960674e-24,-2.5839061926690703e-23
3.3144000000000004e-6,-1.773091818245757e-23,-9.155882736259085e-24,-2.630595362865606e-23
3.360433333333334e-6,-1.8104650618126218e-23,-9.42783882365762e-24,-2.678146241259482e-23
3.406466666666667e-6,-1.8484773706899945e-23,-9.703734659205448e-24,-2.726581275459444e-23
3.4525000000000004e-6,-1.8871463281640282e-23,-9.983691049309422e-24,-2.775923551397114e-23
3.498533333333334e-6,-1.9264900056935982e-23,-1.0267831959520659e-23,-2.82619681543513e-23
3.544566666666667e-6,-1.96652698018409e-23,-1.0556284630462733e-23,-2.8774254973219076e-23
3.5906000000000004e-6,-2.007276351919313e-23,-1.0849179698086125e-23,-2.9296347340300134e-23
3.636633333333334e-6,-2.0487577631805974e-23,-1.1146651318442308e-23,-2.9828503945169646e-23
3.682666666666667e-6,-2.0909914175835887e-23,-1.1448837297180365e-23,-3.0370991054491417e-23
3.7287000000000004e-6,-2.1339981001646552e-23,-1.1755879223978496e-23,-3.092408277931461e-23
3.774733333333334e-6,-2.177799198250435e-23,-1.2067922612133154e-23,-3.148806135287555e-23
3.820766666666667e-6,-2.2224167231456644e-23,-1.2385117043539463e-23,-3.2063217419373826e-23
3.866800000000001e-6,-2.2678733326761605e-23,-1.2707616319307946e-23,-3.2649850334215265e-23
3.9128333333333335e-6,-2.3141923546256486e-23,-1.3035578616274482e-23,-3.324826847623849e-23
3.958866666666667e-6,-2.3613978111070423e-23,-1.3369166649673352e-23,-3.3858789572467497e-23
4.0049e-6,-2.4095144439108348e-23,-1.3708547842256513e-23,-3.4481741035960184e-23
4.050933333333334e-6,-2.458567740875373e-23,-1.4053894500156496e-23,-3.511746031735097e-23
4.096966666666667e-6,-2.50858396332604e-23,-1.440538399580496e-23,-3.576629527071584e-23
4.143000000000001e-6,-2.559590174632797e-23,-1.4763198958235268e-23,-3.642860453442067e-23
4.1890333333333334e-6,-2.611614269937979e-23,-1.5127527471113358e-23,-3.710475792764623e-23
4.235066666666667e-6,-2.664685007108982e-23,-1.5498563278859554e-23,-3.7795136863320096e-23
4.2811e-6,-2.718832038973223e-23,-1.5876506001241963e-23,-3.85001347782225e-23
4.327133333333334e-6,-2.7740859468957676e-23,-1.6261561356842187e-23,-3.922015758107317e-23
4.373166666666667e-6,-2.8304782757630934e-23,-1.6653941395814257e-23,-3.995562411944762e-23
4.419200000000001e-6,-2.8880415704398736e-23,-1.7053864742380518e-23,-4.070696666641696e-23
4.4652333333333334e-6,-2.9468094137690834e-23,-1.7461556847530655e-23,-4.147463142785101e-23
4.511266666666667e-6,-3.0068164661895065e-23,-1.7877250252415133e-23,-4.2259079071375e-23
4.5573e-6,-3.068098507048598e-23,-1.8301184862949965e-23,-4.3060785278022e-23
4.603333333333334e-6,-3.130692477692862e-23,-1.8733608236177562e-23,-4.388024131767968e-23
4.649366666666667e-6,-3.1946365264222747e-23,-1.9174775878957428e-23,-4.471795464948808e-23
4.695400000000001e-6,-3.2599700554000027e-23,-1.962495155959155e-23,-4.557444954840851e-23
4.741433333333334e-6,-3.3267337696135136e-23,-2.0084407633021676e-23,-4.64502677592486e-23
4.787466666666667e-6,-3.394969727988488e-23,-2.0553425380270622e-23,-4.7345969179499145e-23
4.8335e-6,-3.464721396762498e-23,-2.103229536283666e-23,-4.8262132572413305e-23
4.879533333333334e-6,-3.536033705231242e-23,-2.1521317792788656e-23,-4.9199356311836184e-23
4.925566666666667e-6,-3.6089531039864113e-23,-2.2020802919351139e-23,-5.0158259160377085e-23
4.971600000000001e-6,-3.683527625770934e-23,-2.2531071432812739e-23,-5.1139481082605935e-23
5.017633333333334e-6,-3.759806949084231e-23,-2.3052454886637054e-23,-5.2143684095047575e-23
5.063666666666667e-6,-3.8378424646777396e-23,-2.3585296138705461e-23,-5.317155315484933e-23
5.1097e-6,-3.9176873450888344e-23,-2.412994981267359e-23,-5.42237970891031e-23
5.155733333333334e-6,-3.9993966173695966e-23,-2.4686782780478155e-23,-5.530114956691378e-23
5.201766666666667e-6,-4.0830272391760405e-23,-2.525617466709175e-23,-5.640437011642907e-23
5.247800000000001e-6,-4.1686381783926733e-23,-2.5838518378684338e-23,-5.753424518916914e-23
5.293833333333334e-6,-4.256290496477595e-23,-2.643422065541874e-23,-5.869158927413317e-23
5.339866666666667e-6,-4.346047435723948e-23,-2.704370265017764e-23,-5.987724606430132e-23
5.3859e-6,-4.437974510645097e-23,-2.7667400534596285e-23,-6.109208967830566e-23
5.431933333333334e-6,-4.5321396037029745e-23,-2.830576613385478e-23,-6.233702594020472e-23
5.477966666666667e-6,-4.628613065612127e-23,-2.895926759177093e-23,-6.361299372047161e-23
5.524000000000001e-6,-4.727467820465729e-23,-2.962839006782519e-23,-6.49209663414894e-23
5.570033333333334e-6,-4.828779475944614e-23,-3.031363646784753e-23,-6.626195305104476e-23
5.616066666666667e-6,-4.932626438886043e-23,-3.101552821019961e-23,-6.763700056752126e-23
5.6621e-6,-5.0390900365056195e-23,-3.1734606029396365e-23,-6.904719470071602e-23
5.708133333333334e-6,-5.1482546435836957e-23,-3.247143081922972e-23,-7.049366205244421e-23
5.754166666666667e-6,-5.2602078159466045e-23,-3.322658451758323e-23,-7.197757180134886e-23
5.800200000000001e-6,-5.375040430593427e-23,-3.400067103526116e-23,-7.350013757660739e-23
5.846233333333334e-6,-5.492846832840621e-23,-3.479431723129877e-23,-7.506261942551364e-23
5.892266666666668e-6,-5.613724990880149e-23,-3.560817393737526e-23,-7.666632588022772e-23
5.9383e-6,-5.737776658171387e-23,-3.6442917034113516e-23,-7.831261612931422e-23
5.984333333333334e-6,-5.865107544113808e-23,-3.729924858222849e-23,-8.00029023000477e-23
6.030366666666667e-6,-5.995827493475412e-23,-3.8177898011670664e-23,-8.173865185783758e-23
6.076400000000001e-6,-6.130050675082617e-23,-3.9079623372115426e-23,-8.352139012953691e-23
6.122433333333334e-6,-6.267895780309332e-23,-4.0005212648360353e-23,-8.535270295782629e-23
6.168466666666668e-6,-6.409486231938088e-23,-4.095548514442625e-23,-8.723423949433553e-23
6.2145e-6,-6.554950404002925e-23,-4.19312929404009e-23,-8.916771513965761e-23
6.260533333333334e-6,-6.704421853263918e-23,-4.293352242633128e-23,-9.11549146389471e-23
6.306566666666667e-6,-6.858039563005741e-23,-4.3963095917751195e-23,-9.319769534236362e-23
6.352600000000001e-6,-7.015948199898721e-23,-4.502097335773679e-23,-9.529799064023765e-23
6.398633333333334e-6,-7.178298384709795e-23,-4.610815411070632e-23,-9.745781358348956e-23
6.444666666666668e-6,-7.345246977703812e-23,-4.7225678853532375e-23,-9.967926070054387e-23
6.4907e-6,-7.516957379632174e-23,-4.837463156990869e-23,-1.019645160227348e-22
6.536733333333334e-6,-7.693599849266822e-23,-4.955614165431879e-23,-1.0431585533101767e-22
6.582766666666667e-6,-7.875351838502968e-23,-5.077138613238591e-23,-1.0673565063767345e-22
6.628800000000001e-6,-8.062398346124534e-23,-5.2021592004851956e-23,-1.0922637491763872e-22
6.674833333333334e-6,-8.25493229140189e-23,-5.330803872293372e-23,-1.117906071051041e-22
6.720866666666668e-6,-8.453154908773127e-23,-5.463206080334577e-23,-1.144310373721168e-22
6.7669e-6,-8.657276164947806e-23,-5.599505059186015e-23,-1.1715047270709599e-22
6.812933333333334e-6,-8.867515199866998e-23,-5.739846118490212e-23,-1.1995184281243785e-22
6.858966666666667e-6,-9.084100793054944e-23,-5.884380951935262e-23,-1.2283820634174625e-22
6.905000000000001e-6,-9.307271857008313e-23,-6.033267964146253e-23,-1.2581275749870375e-22
6.951033333333334e-6,-9.537277959386995e-23,-6.186672616656399e-23,-1.2887883302117592e-22
6.997066666666668e-6,-9.774379875899107e-23,-6.344767794211767e-23,-1.3203991957586445e-22
7.043100000000001e-6,-1.0018850175910855e-22,-6.507734192754876e-23,-1.3529966159066836e-22
7.089133333333334e-6,-1.0270973842961576e-22,-6.675760730531562e-23,-1.386618695539159e-22
7.135166666666667e-6,-1.05310489325261e-22,-6.849044983872768e-23,-1.4213052881179431e-22
7.181200000000001e-6,-1.0799387269541052e-22,-7.027793649318458e-23,-1.4570980889763645e-22
7.227233333333334e-6,-1.10763151884017e-22,-7.212223033876715e-23,-1.4940407342926688e-22
7.273266666666668e-6,-1.136217431834026e-22,-7.402559575346473e-23,-1.532178906133405e-22
7.319300000000001e-6,-1.1657322417319227e-22,-7.599040394779787e-23,-1.5715604439858668e-22
7.365333333333334e-6,-1.196213425781401e-22,-7.801913883319051e-23,-1.6122354632308972e-22
7.411366666666667e-6,-1.2277002568120385e-22,-8.011440325817588e-23,-1.6542564810423183e-22
7.457400000000001e-6,-1.2602339033105852e-22,-8.227892563839971e-23,-1.6976785502371737e-22
7.503433333333334e-6,-1.2938575358632383e-22,-8.451556700842632e-23,-1.7425594016422134e-22
7.549466666666668e-6,-1.3286164404212114e-22,-8.682732852556771e-23,-1.7889595955867456e-22
7.595500000000001e-6,-1.3645581388822305e-22,-8.921735945837063e-23,-1.8369426831807547e-22
7.641533333333335e-6,-1.40173251752013e-22,-9.168896569501764e-23,-1.886575378090084e-22
7.687566666666667e-6,-1.440191963837876e-22,-9.424561880975593e-23,-1.937927739578193e-22
7.733600000000002e-6,-1.4799915124663216e-22,-9.689096572858049e-23,-1.9910733676468384e-22
7.779633333333334e-6,-1.5211890007821734e-22,-9.96288390387878e-23,-2.0460896111764692e-22
7.825666666666667e-6,-1.5638452349745624e-22,-1.0246326799072109e-22,-2.1030577900419143e-22
7.871700000000001e-6,-1.6080241673505406e-22,-1.0539849024406389e-22,-2.162063432260442e-22
7.917733333333334e-6,-1.6537930857364395e-22,-1.0843896441545213e-22,-2.223196527318358e-22
7.963766666666668e-6,-1.701222815904877e-22,-1.1158938348900096e-22,-2.286551796919745e-22
8.0098e-6,-1.7503879380367224e-22,-1.1485468915661087e-22,-2.352228984507336e-22
8.055833333333335e-6,-1.801367018314619e-22,-1.1824008716070024e-22,-2.4203331650222364e-22
8.101866666666668e-6,-1.854242856840017e-22,-1.2175106371832826e-22,-2.490975076496752e-22
8.1479e-6,-1.909102753170419e-22,-1.2539340311261261e-22,-2.564271475214712e-22
8.193933333333335e-6,-1.96603879088827e-22,-1.2917320654494455e-22,-2.6403455163270944e-22
8.239966666666667e-6,-2.0251481427389675e-22,-1.3309691234985751e-22,-2.7193271619793606e-22
8.286000000000002e-6,-2.0865333980139781e-22,-1.3717131768357734e-22,-2.801353619192183e-22
8.332033333333334e-6,-2.150302914007166e-22,-1.414036018073641e-22,-2.886569809940692e-22
8.378066666666667e-6,-2.2165711935400696e-22,-1.4580135109785647e-22,-2.9751288761015753e-22
8.424100000000001e-6,-2.285459290736214e-22,-1.5037258592884576e-22,-3.067192722183971e-22
8.470133333333334e-6,-2.3570952474279354e-22,-1.5512578958237876e-22,-3.162932599032084e-22
8.516166666666668e-6,-2.4316145628034026e-22,-1.6006993936194252e-22,-3.2625297319873804e-22
8.5622e-6,-2.509160699149057e-22,-1.65214540096883e-22,-3.3661759973292844e-22
8.608233333333335e-6,-2.5898856268163787e-22,-1.705696602453403e-22,-3.4740746511793547e-22
8.654266666666668e-6,-2.6739504118441435e-22,-1.7614597082300739e-22,-3.586441115458213e-22
8.7003e-6,-2.7615258500025217e-22,-1.8195478740722396e-22,-3.7035038259328043e-22
8.746333333333335e-6,-2.852793151395979e-22,-1.8800811549046949e-22,-3.825505147887263e-22
8.792366666666667e-6,-2.947944680173576e-22,-1.9431869948458972e-22,-3.9527023655012556e-22
8.838400000000002e-6,-3.047184754351742e-22,-2.0090007570733052e-22,-4.085368751630179e-22
8.884433333333334e-6,-3.1507305112618366e-22,-2.0776662971635788e-22,-4.2237947253600944e-22
8.930466666666667e-6,-3.2588128446990596e-22,-2.149336583933208e-22,-4.368289105464912e-22
8.976500000000001e-6,-3.371677420477118e-22,-2.2241743722210977e-22,-4.5191804687331375e-22
9.022533333333334e-6,-3.489585777792926e-22,-2.3023529325182588e-22,-4.676818623067594e-22
9.068566666666668e-6,-3.6128165245861907e-22,-2.3840568428668794e-22,-4.841576206305503e-22
9.1146e-6,-3.741666635950148e-22,-2.4694828490283485e-22,-5.013850422871948e-22
9.160633333333335e-6,-3.876452865624385e-22,-2.55884079956548e-22,-5.1940649316832905e-22
9.206666666666668e-6,-4.01751328169046e-22,-2.6523546632061556e-22,-5.382671900174765e-22
9.2527e-6,-4.1652089388129833e-22,-2.7502636366651104e-22,-5.580154240960857e-22
9.298733333333335e-6,-4.319925700738314e-22,-2.852823352007842e-22,-5.787028049468786e-22
9.344766666666667e-6,-4.482076228301451e-22,-2.960307193659795e-22,-6.003845262943108e-22
9.390800000000002e-6,-4.65210214992093e-22,-3.073007736309545e-22,-6.2311965635323165e-22
9.436833333333334e-6,-4.830476433507689e-22,-3.1912383162439917e-22,-6.4697145507713875e-22
9.482866666666669e-6,-5.017705980907476e-22,-3.3153347501067893e-22,-6.720077211708164e-22
9.528900000000001e-6,-5.214334468470929e-22,-3.4456572167105535e-22,-6.983011720231305e-22
9.574933333333334e-6,-5.42094546014184e-22,-3.582592319385967e-22,-7.259298600897713e-22
9.620966666666668e-6,-5.638165822616896e-22,-3.726555348446121e-22,-7.549776296787673e-22
9.667e-6,-5.866669475713539e-22,-3.8779927657183626e-22,-7.855346185708718e-22
9.713033333333335e-6,-6.107181515146975e-22,-4.037384935788441e-22,-8.17697809450551e-22
9.759066666666668e-6,-6.360482749534178e-22,-4.205249131660311e-22,-8.515716367408045e-22
9.8051e-6,-6.627414698694853e-22,-4.382142846014326e-22,-8.87268655137538e-22
9.851133333333335e-6,-6.908885106302321e-22,-4.568667443210172e-22,-9.24910276939447e-22
9.897166666666667e-6,-7.205874026763426e-22,-4.765472191703041e-22,-9.646275861823812e-22
9.943200000000002e-6,-7.519440554007064e-22,-4.973258721709201e-22,-1.006562238630493e-21
9.989233333333334e-6,-7.850730268787107e-22,-5.192785958870458e-22,-1.0508674578703755e-21
1.0035266666666669e-5,-8.200983491339211e-22,-5.424875591446691e-22,-1.0977091391231733e-21
1.0081300000000001e-5,-8.571544437979245e-22,-5.670418136348453e-22,-1.1472670739610039e-21
1.0127333333333334e-5,-8.963871393744666e-22,-5.930379678274207e-22,-1.1997363109215127e-21
1.0173366666666668e-5,-9.379548028747643e-22,-6.205809366529724e-22,-1.2553286690965562e-21
1.02194e-5,-9.820296003876608e-22,-6.497847766010572e-22,-1.3142744241742647e-21
1.0265433333333335e-5,-1.0287989032257964e-21,-6.807736172591532e-22,-1.3768241891924397e-21
1.0311466666666668e-5,-1.078466858695363e-21,-7.136827019108633e-22,-1.443251015479863e-21
1.03575e-5,-1.1312561473301048e-21,-7.486595516623055e-22,-1.5138527429979044e-21
1.0403533333333335e-5,-1.1874099516779031e-21,-7.858652697171266e-22,-1.5889546336386799e-21
1.0449566666666667e-5,-1.2471941655127377e-21,-8.254760049276858e-22,-1.6689123260977897e-21
1.0495600000000002e-5,-1.3108998767634479e-21,-8.676845966771973e-22,-1.754115156849699e-21
1.0541633333333334e-5,-1.3788461626208552e-21,-9.127024265727112e-22,-1.844989898668999e-21
1.0587666666666669e-5,-1.4513832413476655e-21,-9.607615064453181e-22,-1.942004976250013e-21
1.0633700000000001e-5,-1.5288960324408071e-21,-1.0121168368742613e-21,-2.0456752280073533e-21
1.0679733333333334e-5,-1.6118081851895246e-21,-1.067049076012248e-21,-2.1565672943668013e-21
1.0725766666666668e-5,-1.700586645583247e-21,-1.1258675650548582e-21,-2.2753057261116366e-21
1.07718e-5,-1.79574684325443e-21,-1.188913764468573e-21,-2.4025799220402877e-21
1.0817833333333335e-5,-1.8978585940620944e-21,-1.2565651643139812e-21,-2.5391520238102078e-21
1.0863866666666668e-5,-2.0075528304831933e-21,-1.3292397429722479e-21,-2.685865917994139e-21
1.0909900000000002e-5,-2.1255292917352424e-21,-1.4074010616710306e-21,-2.8436575217994544e-21
1.0955933333333335e-5,-2.2525653291854026e-21,-1.491564097861509e-21,-3.0135665605092964e-21
1.1001966666666667e-5,-2.389526010950121e-21,-1.5823019392786793e-21,-3.1967500826215634e-21
1.1048000000000002e-5,-2.5373757436957066e-21,-1.6802534831116744e-21,-3.3944980042797396e-21
1.1094033333333334e-5,-2.6971916708087475e-21,-1.7861323119774376e-21,-3.608251029640058e-21
1.1140066666666669e-5,-2.870179155929275e-21,-1.9007369513982896e-21,-3.8396213604602604e-21
1.1186100000000001e-5,-3.057689721348803e-21,-2.024962753569894e-21,-4.090416689127713e-21
1.1232133333333334e-5,-3.2612418845088633e-21,-2.1598157010528084e-21,-4.3626680679649194e-21
1.1278166666666668e-5,-3.482545425993717e-21,-2.3064284837484368e-21,-4.658662368238998e-21
1.13242e-5,-3.7235297330505986e-21,-2.466079275816361e-21,-4.9809801902848364e-21
1.1370233333333335e-5,-3.9863769989494785e-21,-2.6402137294714466e-21,-5.332540268427511e-21
1.1416266666666668e-5,-4.2735612270029725e-21,-2.8304708142321213e-21,-5.716651639773823e-21
1.1462300000000002e-5,-4.58789419726446e-21,-3.0387132687796436e-21,-6.137075125749278e-21
1.1508333333333335e-5,-4.932579814714584e-21,-3.267063605356796e-21,-6.598096024072371e-21
1.1554366666666667e-5,-5.311278584268252e-21,-3.5179468229476146e-21,-7.10461034558889e-21
1.1600400000000002e-5,-5.72818436859224e-21,-3.794141257530993e-21,-7.662227479653487e-21
1.1646433333333334e-5,-6.188116103622088e-21,-4.098839341459201e-21,-8.277392865784975e-21
1.1692466666666669e-5,-6.69662780553953e-21,-4.435720480499907e-21,-8.957535130579156e-21
1.1738500000000001e-5,-7.260141043839755e-21,-4.809038814135699e-21,-9.711243273543811e-21
1.1784533333333336e-5,-7.886105133965122e-21,-5.2237293394261396e-21,-1.0548480928504104e-20
1.1830566666666668e-5,-8.583191694849145e-21,-5.685536800816714e-21,-1.1480846588881575e-20
1.18766e-5,-9.361532022867224e-21,-6.2011729448128565e-21,-1.2521891100921592e-20
1.1922633333333335e-5,-1.0233008091696106e-20,-6.77850930056054e-21,-1.368750688283167e-20
1.1968666666666668e-5,-1.1211611085698478e-20,-7.426814699803037e-21,-1.4996407471593923e-20
1.2014700000000002e-5,-1.2313885472208259e-20,-8.157049464352803e-21,-1.6470721480063713e-20
1.2060733333333335e-5,-1.3559482076150582e-20,-8.982231805053091e-21,-1.8136732347248072e-20
1.2106766666666667e-5,-1.4971850944124604e-20,-9.917896827979442e-21,-2.0025805060269766e-20
1.2152800000000002e-5,-1.6579114688643982e-20,-1.0982675104511903e-20,-2.2175554272776065e-20
1.2198833333333334e-5,-1.8415176505504893e-20,-1.2199026706849197e-20,-2.463132630416059e-20
1.2244866666666669e-5,-2.0521135625677335e-20,-1.3594178911682688e-20,-2.7448092339671986e-20
1.2290900000000001e-5,-2.2947108733021208e-20,-1.5201332846705992e-20,-3.069288461933642e-20
1.2336933333333336e-5,-2.5754591991548794e-20,-1.706122827826732e-20,-3.4447955704830274e-20
1.2382966666666668e-5,-2.901954945457751e-20,-1.922418960998442e-20,-3.88149092991706e-20
1.2429e-5,-3.283648681251196e-20,-2.175282464508715e-20,-4.3920148979936783e-20
1.2475033333333335e-5,-3.732387541753695e-20,-2.4725617875538258e-20,-4.992213295953565e-20
1.2521066666666668e-5,-4.2631446920340684e-20,-2.824176300774298e-20,-5.70211308329384e-20
1.2567100000000002e-5,-4.895010975890573e-20,-3.242773240374921e-20,-6.547248711406224e-20
1.2613133333333335e-5,-5.652558677532238e-20,-3.7446311682471397e-20,-7.560486186817337e-20
1.2659166666666669e-5,-6.567740593801538e-20,-4.350918062767597e-20,-8.784563124835478e-20
1.2705200000000002e-5,-7.682570511429413e-20,-5.089467072100203e-20,-1.0275673950758624e-19
1.2751233333333334e-5,-9.052962517287744e-20,-5.997319967174768e-20,-1.210860506740072e-19
1.2797266666666669e-5,-1.0754318730229013e-19,-7.124428882952198e-20,-1.4384208577505831e-19
1.2843300000000001e-5,-1.288980512030761e-19,-8.539138854522088e-20,-1.7240471386093134e-19
1.2889333333333336e-5,-1.5602846287943865e-19,-1.0336465315192847e-19,-2.0869227260694883e-19
1.2935366666666668e-5,-1.9096394285842342e-19,-1.2650859238999088e-19,-2.55419293326856e-19
1.29814e-5,-2.3663351595063074e-19,-1.5676361648678025e-19,-3.165034154144812e-19
1.3027433333333335e-5,-2.9735883680934336e-19,-1.9699272027173826e-19,-3.977249533469485e-19
1.3073466666666668e-5,-3.796774470517517e-19,-2.51526871706989e-19,-5.078280223965144e-19
1.3119500000000002e-5,-4.937639018504721e-19,-3.2710647491703005e-19,-6.604213287839141e-19
1.3165533333333335e-5,-6.559784412139417e-19,-4.345698051245423e-19,-8.773870773033413e-19
1.3211566666666669e-5,-8.936436805988863e-19,-5.920174541281884e-19,-1.1952699070695843e-18
1.3257600000000002e-5,-1.2544694259122698e-18,-8.310560491514272e-19,-1.6778828026731125e-18
1.3303633333333334e-5,-1.8263156532051076e-18,-1.2098907632840936e-18,-2.442740543126122e-18
1.3349666666666669e-5,-2.7817841863915018e-18,-1.8428662559270605e-18,-3.720702116855943e-18
1.3395700000000001e-5,-4.488315602755661e-18,-2.9734032900062664e-18,-6.0032279155050545e-18
1.3441733333333336e-5,-7.812765623039629e-18,-5.175773445566667e-18,-1.0449757800512591e-17
1.3487766666666668e-5,-1.5099248556643137e-17,-1.000289746368881e-17,-2.0195599649597462e-17
1.35338e-5,-3.40224372988903e-17,-2.253906610287599e-17,-4.550580849490461e-17
1.3579833333333335e-5,-9.818238461794125e-17,-6.504352612248595e-17,-1.3132124311339658e-16
1.361e-5,-2.470459932761415e-16,-1.636621747757919e-16,-3.3042981177649106e-16
1.3612000000000001e-5,-2.65146590053222e-16,-1.7565339553181182e-16,-3.546397845746322e-16
1.3614e-5,-2.849885817930482e-16,-1.8879824960051472e-16,-3.8117891398558164e-16
1.3616000000000001e-5,-3.0678118332440733e-16,-2.032353368981516e-16,-4.103270297506631e-16
1.3618e-5,-3.3076397517208246e-16,-2.1912337390224333e-16,-4.4240457644192164e-16
1.362e-5,-3.5721210447838925e-16,-2.366446391400946e-16,-4.777795698166839e-16
1.3622000000000001e-5,-3.864425189631371e-16,-2.5600910304102976e-16,-5.168759348852446e-16
1.3624e-5,-4.188214687083803e-16,-2.774593976928117e-16,-5.60183539723949e-16
1.3625866666666668e-5,-4.522561053126859e-16,-2.9960906012411284e-16,-6.049031505012591e-16
1.3626000000000001e-5,-4.547735709708175e-16,-3.0127682206721145e-16,-6.082703198744236e-16
1.3628e-5,-4.947928110927016e-16,-3.2778862986542363e-16,-6.617969923199797e-16
1.3630000000000002e-5,-5.394559535256558e-16,-3.573769140067447e-16,-7.21534993044567e-16
1.3632000000000001e-5,-5.894389686215325e-16,-3.904894889921732e-16,-7.883884482508918e-16
1.3634e-5,-6.455372536102615e-16,-4.276532868278842e-16,-8.634212203926388e-16
1.3636000000000001e-5,-7.086906544189047e-16,-4.694909333933845e-16,-9.478903754444251e-16
1.3638e-5,-7.800145986087638e-16,-5.167413732820207e-16,-1.0432878239355068e-15
1.3640000000000002e-5,-8.608390565742895e-16,-5.702856806812949e-16,-1.1513924324672843e-15
1.3642e-5,-9.527575975724874e-16,-6.311795578415741e-16,-1.2743356373034004e-15
1.3644e-5,-1.0576895551319227e-15,-7.00694518201264e-16,-1.4146845920625813e-15
1.3646000000000001e-5,-1.1779593434166114e-15,-7.803704316172596e-16,-1.5755482552159631e-15
1.3648e-5,-1.3163983891308713e-15,-8.720830518607623e-16,-1.7607137264009804e-15
1.3650000000000001e-5,-1.4764771342010916e-15,-9.781314652973961e-16,-1.9748228031047876e-15
1.3652e-5,-1.6624773776511144e-15,-1.1013522633368028e-15,-2.2236024919654265e-15
1.3654e-5,-1.879719243894617e-15,-1.245269903602059e-15,-2.5141685841871757e-15
1.3656000000000001e-5,-2.134862872234625e-15,-1.4142965721459862e-15,-2.8554291723232637e-15
1.3658e-5,-2.4363134186599743e-15,-1.6140004876406603e-15,-3.2586263496792883e-15
1.3660000000000001e-5,-2.7947705553104895e-15,-1.851469931882777e-15,-3.738071178738202e-15
1.3662e-5,-3.223982586810151e-15,-2.1358128341741022e-15,-4.3121523394462e-15
1.3664000000000002e-5,-3.741794201846162e-15,-2.4788508821641502e-15,-5.004737521528175e-15
1.3666000000000001e-5,-4.371621714425248e-15,-2.8960968345758532e-15,-5.847146594274644e-15
1.3668e-5,-5.144560450881322e-15,-3.408150615662462e-15,-6.880970286100182e-15
1.3670000000000001e-5,-6.102442907115638e-15,-4.042725272640029e-15,-8.162160541591248e-15
1.3671900000000002e-5,-7.235498818783077e-15,-4.793348234573531e-15,-9.677649402992623e-15
1.3672e-5,-7.302353624001404e-15,-4.837637974731734e-15,-9.767069273271073e-15
1.3674000000000002e-5,-8.823421729574895e-15,-5.84530991302813e-15,-1.1801533546121664e-14
1.3676000000000001e-5,-1.0777255240041367e-14,-7.139678780132757e-15,-1.441483169994998e-14
1.3678e-5,-1.3324343990258127e-14,-8.827065326822614e-15,-1.7821622653693642e-14
1.3680000000000001e-5,-1.6700517851887764e-14,-1.1063701310910278e-14,-2.2337334392865254e-14
1.3682e-5,-2.1260875504117964e-14,-1.4084831277352265e-14,-2.8436919730883664e-14
1.3684000000000001e-5,-2.7555141964540458e-14,-1.8254635154698028e-14,-3.685564877438289e-14
1.3686e-5,-3.646184714735452e-14,-2.4155118402301192e-14,-4.8768575892407855e-14
1.3688e-5,-4.943770904112886e-14,-3.27513225154856e-14,-6.612409556677211e-14
1.3690000000000001e-5,-6.900487354685632e-14,-4.5714109988446577e-14,-9.229563710526607e-14
1.3692e-5,-9.976067888971542e-14,-6.608910954970349e-14,-1.3343224822972737e-13
1.3694000000000001e-5,-1.5062364788884073e-13,-9.978463335370025e-14,-2.0146266242398123e-13
1.36944e-5,-1.645705974895073e-13,-1.0902416029265036e-13,-2.2011703468636426e-13
1.3694800000000001e-5,-1.802225136036584e-13,-1.193931875511969e-13,-2.410518396561199e-13
1.36952e-5,-1.978411651035623e-13,-1.310651308665693e-13,-2.6461719934055534e-13
1.3695600000000001e-5,-2.1773716499460925e-13,-1.442457640683908e-13,-2.9122856592082773e-13
1.3696e-5,-2.402807932469615e-13,-1.5918038895076153e-13,-3.213811975431616e-13
1.3696400000000002e-5,-2.659156191121941e-13,-1.761628597374769e-13,-3.5566837848691137e-13
1.36968e-5,-2.9517575728868806e-13,-1.9554701488680053e-13,-3.948044996905756e-13
1.3697200000000002e-5,-3.287078759331949e-13,-2.177612568828557e-13,-4.3965449498353417e-13
1.36976e-5,-3.672994672140953e-13,-2.4332728081398033e-13,-4.912716536142102e-13
1.3698000000000002e-5,-4.119154400406254e-13,-2.728843161974371e-13,-5.509465638838137e-13
1.3698400000000001e-5,-4.637458696879661e-13,-3.0722075998591076e-13,-6.202709793900216e-13
1.36988e-5,-5.242688452896123e-13,-3.4731581155690826e-13,-7.012218790223164e-13
1.3699200000000001e-5,-5.953339531600969e-13,-3.943947784556885e-13,-7.962731278645053e-13
1.36996e-5,-6.792742676473048e-13,-4.500032677078066e-13,-9.085452675868031e-13
1.3700000000000001e-5,-7.790581762502752e-13,-5.16107766398102e-13,-1.0420085861024484e-12
1.37004e-5,-8.984975527055078e-13,-5.952335514569926e-13,-1.201761553954023e-12
1.3700800000000001e-5,-1.0425366965089202e-12,-6.906561053157468e-13,-1.3944172877020937e-12
1.37012e-5,-1.2176586999494133e-12,-8.066703245335474e-13,-1.6286470753652795e-12
1.3701600000000001e-5,-1.432465198527388e-12,-9.489745908498094e-13,-1.9159558062049668e-12
1.3702e-5,-1.698516450270748e-12,-1.1252273040242146e-12,-2.2718055965172817e-12
1.3702400000000001e-5,-2.031569496886621e-12,-1.3458671345545901e-12,-2.717271859218653e-12
1.37028e-5,-2.4534373495274716e-12,-1.6253446906336537e-12,-3.2815300084212896e-12
1.3703200000000001e-5,-2.9948385415014444e-12,-1.9840102799740017e-12,-4.005666803028887e-12
1.37036e-5,-3.6998648921686736e-12,-2.451073698583345e-12,-4.9486560857540025e-12
1.3704000000000001e-5,-4.6331656744688536e-12,-3.0693635732232865e-12,-6.196967775714422e-12
1.37044e-5,-5.891831250093352e-12,-3.90319999094117e-12,-7.880462509245535e-12
1.3704800000000001e-5,-7.625687421550432e-12,-5.051839031242635e-12,-1.0199535811858228e-11
1.37052e-5,-1.0073232481467867e-11,-6.673280218233126e-12,-1.3473184744702609e-11
1.3705600000000001e-5,-1.362797431386205e-11,-9.028213294054175e-12,-1.8227735333669927e-11
1.3706e-5,-1.8966921612352586e-11,-1.2565140636767202e-11,-2.5368702587937974e-11
1.3706200000000001e-5,-2.2654319317550213e-11,-1.5007955116441517e-11,-3.030068351865891e-11
1.3706400000000001e-5,-2.7313908395960213e-11,-1.8094823574928613e-11,-3.653299321699181e-11
1.37066e-5,-3.327704218105999e-11,-2.204525982267698e-11,-4.450882453944301e-11
1.37068e-5,-4.101666945731581e-11,-2.717258133482906e-11,-5.4860757579802566e-11
1.3707000000000001e-5,-5.122164737446497e-11,-3.393313981367981e-11,-6.851015493525013e-11
1.3707200000000002e-5,-6.491827530610758e-11,-4.30068345190181e-11,-8.682971609319707e-11
1.37074e-5,-8.367502119894847e-11,-5.543273867197081e-11,-1.1191730372592614e-10
1.37076e-5,-1.0995904272649522e-10,-7.284528635595367e-11,-1.4707279909703677e-10
1.3707800000000001e-5,-1.4778083525323574e-10,-9.790133667060445e-11,-1.9766033383586701e-10
1.3708000000000002e-5,-2.0391083005832174e-10,-1.3508614151566784e-10,-2.727355186009757e-10
1.37082e-5,-2.902908553628649e-10,-1.9231088195284366e-10,-3.8827082877288627e-10
1.37084e-5,-4.290924718002709e-10,-2.8426369679501794e-10,-5.739212468055238e-10
1.3708600000000001e-5,-6.640484673486939e-10,-4.3991653218159877e-10,-8.881804025157891e-10
1.3708800000000002e-5,-1.0878565864430102e-9,-7.206794692707639e-10,-1.4550337036152568e-9
1.3709e-5,-1.9145984381263665e-9,-1.2683765520666157e-9,-2.5608203241861175e-9
1.37092e-5,-3.691293577880512e-9,-2.4453954039362436e-9,-4.937191751824781e-9
1.3709400000000001e-5,-7.983554168449598e-9,-5.288917356124376e-9,-1.0678190980774821e-8
1.3709600000000002e-5,-1.9772593078988787e-8,-1.3098879083744857e-8,-2.644630707423272e-8
1.37098e-5,-5.5368854910520175e-8,-3.6680567519948594e-8,-7.405714230109176e-8
1.3710000000000001e-5,-1.5811388300841899e-7,-1.0474673841285477e-7,-2.1148102760398323e-7
1.3710200000000001e-5,-3.8923911597498355e-7,-2.578617834520673e-7,-5.206164484978998e-7
1.37104e-5,-7.709612177902718e-7,-5.107437213595824e-7,-1.0311787142209613e-6
1.37106e-5,-1.2833759780628678e-6,-8.502064796696883e-7,-1.7165454764560474e-6
1.3710800000000001e-5,-1.9024419927454818e-6,-1.2603231921711168e-6,-2.544560793319847e-6
1.3711000000000001e-5,-2.611513673273979e-6,-1.7300665469170569e-6,-3.4929607996309015e-6
1.37112e-5,-3.399551832624511e-6,-2.2521233414645826e-6,-4.5469803237844395e-6
1.37114e-5,-4.258807056561809e-6,-2.8213597706707817e-6,-5.696254342452837e-6
1.3711600000000001e-5,-5.183496412612933e-6,-3.4339447774299975e-6,-6.9330480477958695e-6
1.3711800000000001e-5,-6.169091834874221e-6,-4.086878624301706e-6,-8.251305045446737e-6
1.3712e-5,-7.211918243255964e-6,-4.777726656937544e-6,-9.646109829574384e-6
1.37122e-5,-8.30891121163281e-6,-5.50445876491564e-6,-1.111336365834998e-5
1.3712400000000001e-5,-9.457461782802822e-6,-6.26534657529137e-6,-1.2649576990314275e-5
1.3712600000000001e-5,-1.0655311937009872e-5,-7.058894202945564e-6,-1.425172967107418e-5
1.37128e-5,-1.1900481194545044e-5,-7.883789626529718e-6,-1.591717276256037e-5
1.3713e-5,-1.3191213291835494e-5,-8.738869362625752e-6,-1.7643557221045235e-5
1.3713200000000001e-5,-1.4525936331696551e-5,-9.623092066222832e-6,-1.9428780597170274e-5
1.3713400000000002e-5,-1.5903232290691416e-5,-1.053551833005847e-5,-2.127094625132436e-5
1.37136e-5,-1.732181321400971e-5,-1.1475294914284003e-5,-2.316833151373542e-5
1.37138e-5,-1.8780502309172084e-5,-1.2441642221487389e-5,-2.511936239685678e-5
1.3714000000000001e-5,-2.0278218704970263e-5,-1.3433844199848532e-5,-2.7122593210091995e-5
1.37144e-5,-2.3386816999817692e-5,-1.5493217647806244e-5,-3.1280416351829145e-5
1.3714800000000001e-5,-2.6640457061135327e-5,-1.7648677863619655e-5,-3.5632236258651e-5
1.37152e-5,-3.0032914671232116e-5,-1.98961014490779e-5,-4.0169727893386334e-5
1.3715600000000001e-5,-3.355870720064257e-5,-2.2231856290773173e-5,-4.488555811051197e-5
1.3716e-5,-3.721295658679624e-5,-2.465271078668352e-5,-4.977320238690897e-5
1.3716400000000001e-5,-4.0991285446460076e-5,-2.7155765023102938e-5,-5.482680586981722e-5
1.37168e-5,-4.488973665215777e-5,-2.973839749590579e-5,-6.004107580840975e-5
1.3717200000000001e-5,-4.89047099527053e-5,-3.2398223123138384e-5,-6.541119678227223e-5
1.37176e-5,-5.3032911246668905e-5,-3.51330596398748e-5,-7.093276285346301e-5
1.3717933333333335e-5,-5.655738008869329e-5,-3.7467937569728233e-5,-7.564682260765834e-5
1.3718000000000001e-5,-5.727131142938154e-5,-3.794090033533073e-5,-7.660172252343235e-5
1.37184e-5,-6.161711260423132e-5,-4.081989166863464e-5,-8.241433353982801e-5
1.3718800000000002e-5,-6.606772004366628e-5,-4.3768314693651216e-5,-8.836712539368136e-5
1.37192e-5,-7.062071869776155e-5,-4.678456949645815e-5,-9.445686789906497e-5
1.3719600000000002e-5,-7.527385334312839e-5,-4.9867162044464065e-5,-0.00010068054464179272
1.372e-5,-8.002501167613413e-5,-5.301469298606335e-5,-0.00010703533036620493
1.3720400000000002e-5,-8.487220981160068e-5,-5.622584804386404e-5,-0.00011351857157933733
1.37208e-5,-8.981357976310652e-5,-5.9499389720681644e-5,-0.0001201277698055314
1.3721200000000002e-5,-9.484735856999447e-5,-6.283415009643681e-5,-0.00012686056704355213
1.3721600000000001e-5,-9.997187880187002e-5,-6.622902453760824e-5,-0.0001337147330661318
1.3722e-5,-0.00010518556022439826,-6.968296617601863e-5,-0.0001406881542727779
1.3722400000000001e-5,-0.0001104869024493698,-7.319498103967577e-5,-0.00014777882385906384
1.37228e-5,-0.00011587447842448743,-7.676412373990898e-5,-0.00015498483310906588
1.3723200000000001e-5,-0.00012134692864356453,-8.038949363576131e-5,-0.00016230436365136775
1.37236e-5,-0.00012690295597720183,-8.407023140943416e-5,-0.0001697356805449695
1.3724000000000001e-5,-0.00013254132104155393,-8.780551599820376e-5,-0.0001772771260849041
1.37244e-5,-0.0001382608380345573,-9.159456183601993e-5,-0.00018492711423309468
1.3724800000000001e-5,-0.00014406037098128185,-9.54366163661395e-5,-0.00019268412559642423
1.37252e-5,-0.00014993883033743,-9.933095779102413e-5,-0.00020054670288383592
1.3725600000000001e-5,-0.00015589516990888787,-0.00010327689303161531,-0.00020851344678616044
1.3726e-5,-0.0001619283840497805,-0.0001072737558711116,-0.00021658301222844938
1.3728000000000001e-5,-0.000193214909848648,-0.0001280003452846833,-0.0002584294744126127
1.373e-5,-0.00022629184971893656,-0.00014991304202053134,-0.0003026706574173418
1.3732000000000002e-5,-0.0002610670433735068,-0.000172950792050348,-0.0003491832946966656
1.3734000000000001e-5,-0.0002974612597317775,-0.00019706110664187337,-0.00039786141282168163
1.3736e-5,-0.00033540542774554996,-0.00022219822784596402,-0.00044861262764513593
1.3738000000000001e-5,-0.00037483863313775257,-0.0002483218013830043,-0.0005013554648925009
1.374e-5,-0.00041570662832470813,-0.00027539588950136336,-0.000556017367148053
1.3742000000000002e-5,-0.00045796069785634805,-0.0003033882193581514,-0.0006125331763545447
1.3744000000000001e-5,-0.0005015567771799474,-0.000332269599220867,-0.0006708439551390277
1.3746e-5,-0.0005464547563104319,-0.00036201345716530985,-0.0007308960554555539
1.3748000000000001e-5,-0.0005926179213100036,-0.00039259547106893476,-0.0007926403715510724
1.375e-5,-0.0006400125003661182,-0.0004239932678981599,-0.0008560317328340767
1.3752000000000001e-5,-0.0006886072905475041,-0.00045618617644298487,-0.0009210284046520233
1.3754e-5,-0.0007383733476826648,-0.000489155021868774,-0.0009875916734965557
1.3756e-5,-0.0007892837262628582,-0.0005228819534080808,-0.0010556854991176357
1.3758000000000001e-5,-0.000841313259446674,-0.0005573502986188421,-0.001125276220274506
1.376e-5,-0.0008944383715493913,-0.0005925444391629752,-0.0011963323039358075
1.3762000000000001e-5,-0.000948636917097765,-0.00062844970418395,-0.0012688241300115803
1.3763966666666669e-5,-0.0010029586725747574,-0.0006644365928923413,-0.0013414807522571736
1.3764e-5,-0.001003888041796949,-0.000665052278200637,-0.001342723805393261
1.3766000000000002e-5,-0.0010601720617175508,-0.0007023391210715648,-0.001418005002363537
1.3768000000000001e-5,-0.0011174703577415423,-0.0007402978980678124,-0.0014946428174152724
1.377e-5,-0.0011757652828760501,-0.0007789169184705692,-0.0015726136472815312
1.3772000000000001e-5,-0.0012350400804845283,-0.0008181850814012056,-0.0016518950795678512
1.3774e-5,-0.00129527881183573,-0.0008580918278241656,-0.0017324657958472944
1.3776000000000002e-5,-0.0013564662916485714,-0.0008986270978469522,-0.0018143054854501907
1.3778000000000001e-5,-0.001418588030531637,-0.0009397812925876484,-0.0018973947684756257
1.378e-5,-0.0014816301833983612,-0.0009815452400011868,-0.001981715126795536
1.3782000000000001e-5,-0.0015455795030820119,-0.0010239101641503628,-0.002067248842013661
1.3784e-5,-0.001610423298495704,-0.0010668676574878265,-0.0021539789395035817
1.3786000000000002e-5,-0.0016761493967809085,-0.0011104096557803568,-0.0022418891377814602
1.3788e-5,-0.0017427461089672505,-0.0011545284153592831,-0.002330963802575218
1.379e-5,-0.0018102021987370341,-0.0011992164924277172,-0.0024211879050463512
1.3792000000000001e-5,-0.0018785068539414213,-0.0012444667241906877,-0.002512546983692155
1.3794e-5,-0.001947649660564637,-0.001290272211607039,-0.002605027109522235
1.3796000000000001e-5,-0.002017620578872738,-0.0013366263035885484,-0.0026986148541569273
1.3798e-5,-0.0020884099215154233,-0.0013835225824928906,-0.0027932972605379564
1.3800000000000002e-5,-0.002160008333381586,-0.0014309548507784114,-0.0028890618159847607
1.3802000000000001e-5,-0.0022324067730303443,-0.0014789171187026236,-0.002985896427358065
1.3804e-5,-0.002305596495544234,-0.001527403592962848,-0.0030837893981256206
1.3806000000000001e-5,-0.0023795690366661955,-0.0015764086661873393,-0.003182729407145052
1.3808e-5,-0.002454316198099798,-0.0016259269071970304,-0.0032827054890025658
1.3810000000000002e-5,-0.002529830033865938,-0.001675953051967164,-0.0033837070157647126
