travel_um,C_pF,Q1_uN,Q2_uN,D_path
-1.0,6.28956811801025,0.17346886851094315,1.230888225349643,0.004614620410892568
-0.9900000000000001,6.292703954228204,0.1742442266588644,1.2436917618147714,0.00464222229415495
-0.98,6.295870238111925,0.17502732046436237,1.2567337769635616,0.004670132965197972
-0.9700000000000001,6.299067524256164,0.17581829199971227,1.2700208758495732,0.004698358135628343
-0.96,6.302296382523596,0.17661728725059467,1.2835599083550726,0.004726903673168291
-0.95,6.305557398610289,0.1774244562610533,1.2973579806153512,0.004755775607419202
-0.94,6.308851174637649,0.17823995328523007,1.3114224670881247,0.0047849801358957715
-0.9299999999999999,6.312178329772259,0.17906393694625586,1.325761023310758,0.004814523630346059
-0.9199999999999999,6.315539500875238,0.1798965704027088,1.3403815993915353,0.00484441264337397
-0.9099999999999999,6.318935343182839,0.18073802152307544,1.35529245428466,0.004874653915381874
-0.8999999999999999,6.322366531020053,0.18158846306868195,1.3705021709026057,0.004905254381852253
-0.8899999999999999,6.325833758549233,0.18244807288559223,1.3860196721236364,0.0049362211809885325
-0.88,6.3293377405557525,0.18331703410600717,1.4018542377569514,0.0049675616617367545
-0.87,6.332879213272961,0.1841955353597343,1.418015522532909,0.004999283392211292
-0.86,6.336458935248803,0.18508377099633816,1.4345135751912927,0.005031394168549427
-0.85,6.340077688256652,0.18598194131862553,1.4513588587465613,0.0050639020242215175
-0.84,6.343736278253095,0.1868902528281673,1.4685622720155789,0.005096815239825283
-0.83,6.347435536385618,0.18780891848360776,1.486135172500483,0.005130142353395122
-0.82,6.351176320053309,0.18873815797257062,1.5040894007272356,0.005163892171259423
-0.8099999999999999,6.354959514023996,0.1896781979980288,1.5224373061489482,0.0051980737794815515
-0.7999999999999999,6.35878603161145,0.19062927258007137,1.5411917747325934,0.0052326965559229485
-0.7899999999999999,6.362656815916561,0.19159162337407204,1.5603662583580322,0.0052677701829695394
-0.78,6.366572841136727,0.19256550000633965,1.5799748061697183,0.005303304660966207
-0.77,6.370535113947972,0.1935511604284191,1.6000320980340452,0.0053393103224075545
-0.76,6.374544674964731,0.1945488712912957,1.6205534802690282,0.005375797846936952
-0.75,6.378602600282578,0.19555890834086412,1.641555003828401,0.005412778277210295
-0.74,6.38271000310961,0.19658155683612608,1.6630534651389624,0.0054502630356855096
-0.73,6.386868035492704,0.19761711199170406,1.6850664498086936,0.00548826394240399
-0.72,6.391077890145298,0.19866587944638664,1.707612379443732,0.0055267932338356925
-0.71,6.395340802384004,0.19972817575956478,1.7307105618351553,0.005565863582865907
-0.7,6.399658052181864,0.2008043289375774,1.754381244801838,0.005605488120008469
-0.69,6.40403096634683,0.20189467899215177,1.778645674003769,0.005645680455937674
-0.6799999999999999,6.408460920834714,0.20299957853331874,1.8035261550714967,0.005686454705439389
-0.67,6.412949343206717,0.204119393399388,1.8290461204321702,0.005727825512891062
-0.66,6.4174977152424955,0.2052545033267975,1.8552302012514668,0.005769808079390327
-0.65,6.4221075757207515,0.2064053026629053,1.882104304954005,0.005812418191663105
-0.64,6.426780523380389,0.20757220112507024,1.909695698833247,0.005855672252894593
-0.63,6.431518220076493,0.20875562460967528,1.9380331003161306,0.005899587315640114
-0.62,6.436322394146726,0.20995601605509084,1.9671467745083395,0.0059441811169881325
-0.61,6.441194844005195,0.21117383636294915,1.9970686397143673,0.0059894721161649535
-0.6,6.446137441982495,0.21240956538252737,2.0278323817032042,0.006035479534789447
-0.59,6.451152138432437,0.2136637029634933,2.0594735775766577,0.006082223400007303
-0.58,6.4562409661280045,0.21493677008279596,2.0920298301948175,0.00612972459075829
-0.5700000000000001,6.461406044971331,0.2162293100520543,2.1255409142230004,0.006178004887456429
-0.56,6.466649587045006,0.2175418898124455,2.1600489349889584,0.006227087025392948
-0.55,6.471973902034832,0.21887510132481353,2.1955985014801174,0.006276994752205463
-0.54,6.477381403057293,0.220229563063527,2.232236914970688,0.006327752889794709
-0.53,6.482874612928533,0.22160592162351753,2.2700143749506063,0.006379387401112935
-0.52,6.488456170915612,0.22300485345094784,2.3089842042357347,0.006431925462296381
-0.51,6.494128840015242,0.2244270667091017,2.349203095375756,0.00648539554066909
-0.5,6.49989551481026,0.22587330329237354,2.3907313807471806,0.006539827479207564
-0.49,6.50575922995973,0.22734434100269285,2.4336333290297594,0.006595252588126738
-0.48,6.511723169385035,0.22884099590436235,2.4779774711214846,0.006651703744328357
-0.47,6.5177906762215505,0.23036412487515176,2.5238369589585212,0.006709215499545523
-0.45999999999999996,6.523965263613744,0.23191462837360935,2.5712899611806113,0.006767824198123117
-0.44999999999999996,6.530250626441007,0.23349345344495998,2.620420100131139,0.0068275681054952774
-0.44,6.536650654072155,0.23510159699070718,2.6713169353169928,0.006888487548561872
-0.43,6.543169444258854,0.23674010933019707,2.724076499192536,0.006950625069327457
-0.42,6.549811318292217,0.23841009808599672,2.7788018919932282,0.007014025593354084
-0.41,6.556580837562953,0.2401127324290743,2.8356039433508036,0.007078736614797552
-0.39999999999999997,6.563482821683972,0.24184924772451363,2.8946019496003483,0.007144808400050246
-0.39,6.570522368355756,0.24362095062398875,2.9559244970747858,0.007212294212311185
-0.38,6.577704875179546,0.2454292246575621,3.0197103833137104,0.007281250559751594
-0.37,6.585036063652125,0.24727553638473615,3.086109650042038,0.00735173747035453
-0.36,6.59252200560936,0.2491614421732452,3.1552847440602405,0.007423818796990358
-0.35,6.600169152424642,0.2510885956840674,3.2274118249076396,0.0074975625568638625
-0.33999999999999997,6.607984367313957,0.2530587561528235,3.302682241406277,0.007573041310150634
-0.33,6.6159749611528635,0.2550737975714565,3.381304203081217,0.007650332583455604
-0.32,6.624148732273689,0.2571357188902421,3.4635046771278932,0.0077295193447050325
-0.31,6.632514010785787,0.25924665537929203,3.5495315472390914,0.007810690537261187
-0.3,6.641079708050065,0.26140889131135614,3.6396560774409803,0.007893941682476924
-0.29,6.6498553720442075,0.26362487415471336,3.7341757324070084,0.007979375561643659
-0.28,6.6588512494807786,0.2658972304971671,3.833417415886391,0.008067102990410815
-0.27,6.668078355691254,0.2682287839608486,3.937741201368291,0.008157243701367868
-0.26,6.677548553470934,0.27062257541414597,4.047544644504665,0.00824992735371239
-0.25,6.687274642299729,0.2730818858435088,4.163267785911748,0.008345294692951304
-0.24,6.6972704596216674,0.275610262316512,4.285398976774244,0.008443498888623842
-0.22999999999999998,6.707550996193042,0.2782115475514374,4.414481689510468,0.008544707084393732
-0.22,6.718132527911198,0.28088991371169014,4.551122513369064,0.008649102202940611
-0.21,6.729032767032501,0.2836499011706511,4.696000582534141,0.008756885058432511
-0.19999999999999998,6.740271036304845,0.28649646315070937,4.849878745217135,0.008868276842731521
-0.19,6.751868470311154,0.2894350173378663,5.013616860488617,0.008983522068909337
-0.18,6.7638482492901115,0.2924715058219267,5.188187710930583,0.009102892078576216
-0.16999999999999998,6.7762358719286135,0.2956124650271465,5.374696151353956,0.00922668925000667
-0.16,6.789059475187022,0.2988651076998102,5.574402287593845,0.009355252085019635
-0.15,6.802350211231712,0.3022374195353512,5.788749709797942,0.0094889614083201
-0.14,6.816142694157977,0.30573827369634105,6.019400112852064,0.009628247989858119
-0.13,6.83047553259493,0.30937756734646255,6.2682760528095365,0.00977360200820647
-0.12,6.845391968778391,0.31316638547772907,6.537614155783276,0.00992558492552702
-0.11,6.860940650660541,0.3171171988418971,6.830031877656666,0.010084844565030261
-0.09999999999999999,6.877176571669323,0.3212441048591759,7.148612001171426,0.01025213450598232
-0.09,6.89416222365859,0.3255631231787502,7.49701058635391,0.010428339397972866
-0.08,6.911969023589124,0.3300925614106882,7.879596257188636,0.010614508543175163
-0.07,6.93067909526137,0.33485347187598374,8.301631787832278,0.010811901269797308
-0.06,6.950387516390968,0.3398702276480556,8.769513286838242,0.011022049513307068
-0.049999999999999996,6.971205181570974,0.34517125647791497,9.29108806997275,0.011246846147870347
-0.04,6.99326248568654,0.3507899850438199,9.8760784014255,0.011488672844698712
-0.03,7.016714093194611,0.3567660615644269,10.536634757742323,0.011750589738301443
-0.02,7.041745048424698,0.3631469221851833,11.287952931969366,0.012050928074797343
-0.01,7.068577606573085,0.3699895421160792,12.147778754444127,0.012616379474180862
0.0,7.097445684153009,0.37735388596944686,13.052709118610217,0.013468200913937252
0.01,7.098284679542945,0.377742063262886,13.059939871600973,0.0005790631049654905
0.02,7.099124538204813,0.378130830913937,13.067178647576299,0.0005799783339710919
0.03,7.099965261451891,0.3785201901599461,13.074425459926749,0.0005808955592081647
0.04,7.100806850600217,0.3789101422415227,13.0816803220727,0.0005818147860737375
0.049999999999999996,7.1016493069685795,0.3793006884025487,13.088943247464417,0.0005827360199824149
0.06,7.102492631878543,0.37969182989019046,13.096214249582198,0.0005836592663664471
0.07,7.103336826654445,0.38008356795490766,13.103493341936469,0.0005845845306757957
0.08,7.104181892623403,0.3804759038504651,13.110780538067788,0.0005855118183782028
0.09,7.1050278311153265,0.3808688388339433,13.11807585154703,0.0005864411349592557
0.09999999999999999,7.105874643462923,0.3812623741657476,13.12537929597533,0.0005873724859224596
0.11,7.106722331001702,0.3816565111096209,13.132690884984344,0.0005883058767892997
0.12,7.107570895069987,0.382051250932653,13.14001063223622,0.0005892413130993156
0.13,7.108420337008921,0.38244659490529165,13.147338551423706,0.0005901788004101668
0.14,7.1092706581624725,0.3828425443013535,13.154674656270222,0.000591118344297703
0.15,7.110121859877445,0.3832391003980347,13.16201896052999,0.0005920599503560324
0.16,7.110973943503486,0.38363626447592203,13.169371477988058,0.0005930036241975944
0.16999999999999998,7.111826910393091,0.3840340378190039,13.176732222460522,0.0005939493714532258
0.18,7.11268076190161,0.38443242171468045,13.184101207794413,0.000594897197772234
0.19,7.113535499387262,0.38483141745377564,13.191478447867896,0.0005958471088224667
0.19999999999999998,7.114391124211136,0.3852310263305478,13.198863956590387,0.0005967991102903833
0.21,7.115247637737201,0.3856312496427002,13.206257747902567,0.0005977532078811252
0.22,7.116105041332316,0.3860320886913935,13.21365983577654,0.0005987094073185899
0.22999999999999998,7.11696333636623,0.38643354478125513,13.221070234215867,0.0005996677143454984
0.24,7.117822524211602,0.386835619220392,13.228488957255633,0.0006006281347234742
0.25,7.118682606243996,0.3872383133204012,13.23591601896266,0.0006015906742331073
0.26,7.119543583841897,0.38764162839638105,13.24335143343546,0.0006025553386740368
0.27,7.120405458386717,0.3880455657669427,13.250795214804402,0.0006035221338650151
0.28,7.1212682312628,0.3884501267542212,13.258247377231708,0.0006044910656439882
0.29,7.122131903857434,0.38885531268388746,13.265707934911704,0.000605462139868165
0.3,7.1229964775608545,0.38926112488515907,13.27317690207078,0.0006064353624140945
0.31,7.1238619537662595,0.38966756469081276,13.280654292967526,0.0006074107391777398
0.32,7.1247283338698075,0.39007463343719445,13.288140121892814,0.0006083882760745501
0.33,7.125595619270632,0.3904823324642321,13.295634403169863,0.0006093679790395406
0.33999999999999997,7.126463811370851,0.39089066311544696,13.303137151154434,0.0006103498540273637
0.35,7.12733291157557,0.3912996267379652,13.310648380234776,0.0006113339070123879
0.36,7.128202921292888,0.3917092246825296,13.31816810483184,0.0006123201439887717
0.37,7.129073841933918,0.3921194583035112,13.325696339399308,0.0006133085709705433
0.38,7.129945674912782,0.3925303289589214,13.3332330984237,0.0006142991939916722
0.39,7.130818421646621,0.3929418380104237,13.340778396424438,0.0006152920191061526
0.39999999999999997,7.131692083555614,0.39335398682334577,13.348332247954051,0.0006162870523880761
0.41,7.1325666620629695,0.3937667767666906,13.355894667598081,0.0006172842999317116
0.42,7.133442158594949,0.39418020921314967,13.36346566997539,0.0006182837678515841
0.43,7.134318574580865,0.3945942855391143,13.371045269738067,0.0006192854622825523
0.44,7.135195911453093,0.3950090071246877,13.378633481571649,0.0006202893893798873
0.44999999999999996,7.13607417064708,0.39542437535369734,13.386230320195176,0.0006212955553193526
0.45999999999999996,7.136953353601354,0.3958403916137067,13.393835800361247,0.0006223039662972827
0.47,7.137833461757528,0.39625705729602856,13.40144993685621,0.000623314628530665
0.48,7.138714496560311,0.3966743737957359,13.409072744500154,0.0006243275482572186
0.49,7.139596459457522,0.39709234251167497,13.416704238147041,0.0006253427317354749
0.5,7.140479351900082,0.3975109648464776,13.424344432684874,0.0006263601852448597
0.51,7.141363175342043,0.39793024220657364,13.431993343035694,0.000627379915085774
0.52,7.142247931240582,0.3983501760022031,13.439650984155728,0.0006284019275796754
0.53,7.143133621056015,0.398770767647429,13.447317371035426,0.0006294262290691609
0.54,7.144020246251805,0.39919201856015,13.454992518699733,0.0006304528259180494
0.55,7.144907808294572,0.39961393016211244,13.462676442207973,0.0006314817245114643
0.56,7.145796308654092,0.4000365038789236,13.47036915665405,0.0006325129312559162
0.5700000000000001,7.146685748803326,0.40045974114006405,13.478070677166547,0.0006335464525793878
0.58,7.147576130218402,0.40088364337890053,13.485781018908792,0.0006345822949314175
0.59,7.1484674543786495,0.4013082120326989,13.493500197079074,0.0006356204647831838
0.6,7.149359722766588,0.4017334485426366,13.501228226910543,0.0006366609686275874
0.61,7.15025293686795,0.4021593543538158,13.508965123671466,0.0006377038129793419
0.62,7.1511470981716805,0.4025859309152764,13.516710902665281,0.0006387490043750536
0.63,7.152042208169947,0.40301317968000894,13.52446557923067,0.0006397965493733119
0.64,7.152938268358155,0.40344110210496753,13.5322291687418,0.0006408464545547723
0.65,7.153835280234947,0.4038696996510834,13.540001686608155,0.0006418987265222446
0.66,7.154733245302223,0.4042989737832772,13.547783148274906,0.0006429533719007806
0.67,7.155632165065136,0.4047289259704732,13.555573569222865,0.0006440103973377589
0.6799999999999999,7.156532041032112,0.40515955768561174,13.563372964968654,0.0006450698095029771
0.69,7.1574328747148535,0.4055908704056633,13.571181351064778,0.0006461316150887346
0.7,7.158334667628349,0.40602286561164086,13.578998743099705,0.0006471958208099267
0.71,7.159237421290884,0.40645554478861406,13.58682515669804,0.0006482624334041295
0.72,7.160141137224047,0.40688890942572287,13.594660607520568,0.0006493314596316912
0.73,7.161045816952741,0.40732296101619014,13.602505111264414,0.0006504029062758223
0.74,7.161951462005193,0.4077577010573359,13.61035868366307,0.0006514767801426839
0.75,7.162858073912961,0.40819313105059096,13.618221340486572,0.0006525530880614816
0.76,7.163765654210942,0.40862925250151033,13.62609309754157,0.0006536318368845523
0.77,7.164674204437387,0.409066066919787,13.633973970671434,0.0006547130334874604
0.78,7.165583726133905,0.4095035758192656,13.641863975756426,0.0006557966847690852
0.7899999999999999,7.166494220845473,0.40994178071795684,13.649763128713673,0.0006568827976517161
0.7999999999999999,7.167405690120444,0.4103806831380505,13.657671445497412,0.0006579713790811454
0.8099999999999999,7.168318135510566,0.41082028460592984,13.665588942099042,0.0006590624360267587
0.82,7.169231558570974,0.41126058665218596,13.673515634547188,0.0006601559754816324
0.83,7.170145960860214,0.4117015908116309,13.681451538907904,0.0006612520044626248
0.84,7.1710613439402495,0.41214329862331267,13.689396671284655,0.000662350530010471
0.85,7.1719777093764625,0.41258571163052915,13.697351047818607,0.0006634515591898781
0.86,7.172895058737676,0.41302883138084173,13.705314684688549,0.0006645550990896201
0.87,7.173813393596151,0.41347265942609035,13.713287598111124,0.0006656611568226367
0.88,7.1747327155276075,0.41391719732240756,13.721269804340867,0.0006667697395261232
0.8899999999999999,7.175653026111222,0.414362446630233,13.729261319670433,0.0006678808543616333
0.8999999999999999,7.17657432692965,0.4148084089143269,13.73726216043051,0.0006689945085151713
0.9099999999999999,7.177496619569022,0.4152550857437865,13.745272342990118,0.0006701107091972931
0.9199999999999999,7.17841990561897,0.41570247869205884,13.75329188375669,0.0006712294636432033
0.9299999999999999,7.1793441866726155,0.41615058933695603,13.761320799176037,0.0006723507791128515
0.94,7.180269464326599,0.41659941926067,13.769359105732667,0.0006734746628910347
0.95,7.1811957401810815,0.41704897004978736,13.77740681994975,0.000674601122287492
0.96,7.182123015839751,0.41749924329530336,13.78546395838927,0.0006757301646370083
0.9700000000000001,7.183051292909839,0.41795024059263813,13.793530537652197,0.0006768617972995136
0.98,7.183980573002128,0.41840196354164993,13.801606574378523,0.0006779960276601807
0.9900000000000001,7.184910857730955,0.41885441374665194,13.809692085247448,0.0006791328631295315
1.0,7.185842148714234,0.4193075928164254,13.817787086977434,0.0006802723111435337
